c Outputting solution to console
c GANAK version 1.0.0
c ganak GIT revision: 741861677938b720579cb9c2c02685c12b1694e3
c ganak build env: CMAKE_CXX_COMPILER = /usr/bin/c++ | CMAKE_CXX_FLAGS =  -mtune=native -Wall -Wextra -Wunused -Wsign-compare -fno-omit-frame-pointer -Wtype-limits -Wuninitialized -Wno-deprecated -Wstrict-aliasing -Wpointer-arith -Wpointer-arith -Wformat-nonliteral -Winit-self -Wparentheses -Wunreachable-code -ggdb3 | COMPILE_DEFINES =  | STATICCOMPILE = OFF | ONLY_SIMPLE =  | Boost_FOUND =  | ZLIB_FOUND =  | ENABLE_TESTING =  | ENABLE_ASSERTIONS = ON | MY_TARGETS =  | compilation date time = Apr  6 2025 02:36:53
c invalid weight format
c invalid weight format
c invalid weight format
c invalid weight format
c invalid weight format
c invalid weight format
c invalid weight format
c invalid weight format
c invalid weight format
c invalid weight format
c invalid weight format
c invalid weight format
c invalid weight format
c invalid weight format
c invalid weight format
c invalid weight format
c invalid weight format
c invalid weight format
c invalid weight format
c invalid weight format
c invalid weight format
c invalid weight format
c invalid weight format
c invalid weight format
c invalid weight format
c invalid weight format
c invalid weight format
c invalid weight format
c invalid weight format
c invalid weight format
c invalid weight format
c invalid weight format
c invalid weight format
c invalid weight format
c invalid weight format
c invalid weight format
c invalid weight format
c invalid weight format
c invalid weight format
c invalid weight format
c invalid weight format
c invalid weight format
c invalid weight format
c invalid weight format
c invalid weight format
c invalid weight format
c invalid weight format
c invalid weight format
c invalid weight format
c invalid weight format
c invalid weight format
c invalid weight format
c invalid weight format
c invalid weight format
c invalid weight format
c invalid weight format
c invalid weight format
c invalid weight format
c invalid weight format
c invalid weight format
c invalid weight format
c invalid weight format
c invalid weight format
c invalid weight format
c invalid weight format
c invalid weight format
c invalid weight format
c invalid weight format
c invalid weight format
c invalid weight format
c invalid weight format
c invalid weight format
c invalid weight format
c invalid weight format
c invalid weight format
c invalid weight format
c invalid weight format
c invalid weight format
c invalid weight format
c invalid weight format
c invalid weight format
c invalid weight format
c invalid weight format
c invalid weight format
c invalid weight format
c invalid weight format
c invalid weight format
c invalid weight format
c invalid weight format
c invalid weight format
c invalid weight format
c invalid weight format
c invalid weight format
c invalid weight format
c invalid weight format
c invalid weight format
c invalid weight format
c invalid weight format
c invalid weight format
c invalid weight format
c invalid weight format
c invalid weight format
c invalid weight format
c invalid weight format
c invalid weight format
c invalid weight format
c invalid weight format
c invalid weight format
c invalid weight format
c Solving /home/enfest/SAT/MUSParser/test/rewrite_test.sdimacs
c variables (all/used/free): 	58/58/0
c clauses (all/long/binary/unit): 109/105/4/0
c Sampling set not present! So doing total model counting.
c Weight of +1 0.88
c Weight of -1 0.12
c Weight of +2 0.88
c Weight of -2 0.12
c Weight of +3 0.457
c Weight of -3 0.543
c Weight of +4 1
c Weight of -4 1
c Weight of +5 1
c Weight of -5 1
c Weight of +6 1
c Weight of -6 1
c Weight of +7 1
c Weight of -7 1
c Weight of +8 1
c Weight of -8 1
c Weight of +9 0.457
c Weight of -9 0.543
c Weight of +10 1
c Weight of -10 1
c Weight of +11 0.88
c Weight of -11 0.12
c Weight of +12 1
c Weight of -12 1
c Weight of +13 0.88
c Weight of -13 0.12
c Weight of +14 1
c Weight of -14 1
c Weight of +15 0.88
c Weight of -15 0.12
c Weight of +16 1
c Weight of -16 1
c Weight of +17 0.88
c Weight of -17 0.12
c Weight of +18 0.88
c Weight of -18 0.12
c Weight of +19 0.457
c Weight of -19 0.543
c Weight of +20 0.457
c Weight of -20 0.543
c Weight of +21 0.457
c Weight of -21 0.543
c Weight of +22 0.457
c Weight of -22 0.543
c Weight of +23 0.457
c Weight of -23 0.543
c Weight of +24 1
c Weight of -24 1
c Weight of +25 1
c Weight of -25 1
c Weight of +26 1
c Weight of -26 1
c Weight of +27 1
c Weight of -27 1
c Weight of +28 1
c Weight of -28 1
c Weight of +29 1
c Weight of -29 1
c Weight of +30 1
c Weight of -30 1
c Weight of +31 0.457
c Weight of -31 0.543
c Weight of +32 0.457
c Weight of -32 0.543
c Weight of +33 1
c Weight of -33 1
c Weight of +34 1
c Weight of -34 1
c Weight of +35 1
c Weight of -35 1
c Weight of +36 1
c Weight of -36 1
c Weight of +37 1
c Weight of -37 1
c Weight of +38 1
c Weight of -38 1
c Weight of +39 1
c Weight of -39 1
c Weight of +40 1
c Weight of -40 1
c Weight of +41 1
c Weight of -41 1
c Weight of +42 1
c Weight of -42 1
c Weight of +43 1
c Weight of -43 1
c Weight of +44 1
c Weight of -44 1
c Weight of +45 1
c Weight of -45 1
c Weight of +46 1
c Weight of -46 1
c Weight of +47 1
c Weight of -47 1
c Weight of +48 1
c Weight of -48 1
c Weight of +49 1
c Weight of -49 1
c Weight of +50 1
c Weight of -50 1
c Weight of +51 1
c Weight of -51 1
c Weight of +52 1
c Weight of -52 1
c Weight of +53 1
c Weight of -53 1
c Weight of +54 1
c Weight of -54 1
c Weight of +55 1
c Weight of -55 1
c Weight of +56 1
c Weight of -56 1
c Weight of +57 1
c Weight of -57 1
c Weight of +58 1
c Weight of -58 1
c 
c Preprocessing ..
isolated variable: 1
isolated variable: 1
isolated variable: 1
isolated variable: 1
isolated variable: 1
isolated variable: 1
isolated variable: 1
c Preprocessing done
c DONE
c variables (all/used/free): 	58/51/7
c clauses (all/long/binary/unit): 109/105/4/0
c Maximum cache size:	47786 MB
c 

d Deciding on: -1 with sign 0 88
d Deciding on: 2 with sign 1 86
d Deciding on: -28 with sign 0 83
d Deciding on: -29 with sign 0 31
Debug: the total model count for 29 decision is 1 0.457 1.457
Debug: the total model count for 29 decision is 1 0.457 1.457
Debug: the total model count for 28 decision is 0.457 1 1.457
Debug: the total model count for 28 decision is 0.457 1 1.457
d Deciding on: -27 with sign 0 83
d Deciding on: -26 with sign 0 31
Debug: the total model count for 26 decision is 1 0.457 1.457
Debug: the total model count for 26 decision is 1 0.457 1.457
Debug: the total model count for 27 decision is 0.457 1 1.457
Debug: the total model count for 27 decision is 0.457 1 1.457
Debug: the total model count for 2 decision is 0.88 0.12 1
Debug: the total model count for 2 decision is 0.88 0.12 1
c We have solved halfed
c We have solved halfed
d Deciding on: -2 with sign 0 126
d Deciding on: -28 with sign 0 113
d Deciding on: -29 with sign 0 31
Debug: the total model count for 29 decision is 1 0.543 1.543
Debug: the total model count for 29 decision is 1 0.543 1.543
Debug: the total model count for 28 decision is 0.543 1 1.543
Debug: the total model count for 28 decision is 0.543 1 1.543
d Deciding on: -27 with sign 0 113
d Deciding on: -26 with sign 0 31
Debug: the total model count for 26 decision is 1 0.543 1.543
Debug: the total model count for 26 decision is 1 0.543 1.543
Debug: the total model count for 27 decision is 0.543 1 1.543
Debug: the total model count for 27 decision is 0.543 1 1.543
Debug: the total model count for 2 decision is 0.12 0.88 1
Debug: the total model count for 2 decision is 0.12 0.88 1
Debug: the total model count for 1 decision is 0.12 0.88 1
Debug: the total model count for 1 decision is 0.12 0.88 1
d Deciding on: 8 with sign 1 418
d Deciding on: 7 with sign 1 404
d Deciding on: -51 with sign 0 291
d Deciding on: -42 with sign 0 289
d Deciding on: -9 with sign 0 244
d Deciding on: -41 with sign 0 51
Debug: the total model count for 41 decision is 1 1 2
Debug: the total model count for 41 decision is 1 1 2
Debug: the total model count for 9 decision is 0.0144 0.7744 0.7888
Debug: the total model count for 9 decision is 0.0144 0.7744 0.7888
d Deciding on: -43 with sign 0 248
d Deciding on: 9 with sign 1 246
d Deciding on: -39 with sign 0 235
d Deciding on: -12 with sign 0 101
Debug: the total model count for 12 decision is 0.543 0.248151 0.791151
Debug: the total model count for 12 decision is 0.543 0.248151 0.791151
d Deciding on: -36 with sign 0 191
d Deciding on: 12 with sign 1 101
d Deciding on: -13 with sign 0 74
d Deciding on: -15 with sign 0 51
Debug: the total model count for 15 decision is 0.248151 0.457 0.705151
Debug: the total model count for 15 decision is 0.248151 0.457 0.705151
Debug: the total model count for 13 decision is 0.382897 0.134746 0.517643
Debug: the total model count for 13 decision is 0.382897 0.134746 0.517643
d Deciding on: 13 with sign 1 73
Debug: the total model count for 13 decision is 0.134746 0.382897 0.517643
Debug: the total model count for 13 decision is 0.134746 0.382897 0.517643
Debug: the total model count for 12 decision is 0.236563 0.28108 0.517643
Debug: the total model count for 12 decision is 0.236563 0.28108 0.517643
d Deciding on: -34 with sign 0 147
d Deciding on: 12 with sign 1 103
d Deciding on: -14 with sign 0 102
d Deciding on: 13 with sign 1 73
Debug: the total model count for 13 decision is 0.457 0.543 1
Debug: the total model count for 13 decision is 0.457 0.543 1
d Deciding on: 13 with sign 1 73
d Deciding on: 15 with sign 1 51
Debug: the total model count for 15 decision is 0.457 0.543 1
Debug: the total model count for 15 decision is 0.457 0.543 1
d Deciding on: 15 with sign 1 51
Debug: the total model count for 15 decision is 0.457 0.543 1
Debug: the total model count for 15 decision is 0.457 0.543 1
Debug: the total model count for 13 decision is 0.457 0.543 1
Debug: the total model count for 13 decision is 0.457 0.543 1
Debug: the total model count for 14 decision is 0.248151 0.248151 0.496302
Debug: the total model count for 14 decision is 0.248151 0.248151 0.496302
d Deciding on: -13 with sign 0 72
Debug: the total model count for 13 decision is 0.543 0.457 1
Debug: the total model count for 13 decision is 0.543 0.457 1
Debug: the total model count for 12 decision is 0.22681 0.248151 0.474961
Debug: the total model count for 12 decision is 0.22681 0.248151 0.474961
d Deciding on: -32 with sign 0 105
d Deciding on: 14 with sign 1 103
d Deciding on: -12 with sign 0 103
d Deciding on: -13 with sign 0 72
d Deciding on: 16 with sign 1 52
Debug: the total model count for 16 decision is 0.457 0.543 1
Debug: the total model count for 16 decision is 0.457 0.543 1
d Deciding on: -16 with sign 0 52
Debug: the total model count for 16 decision is 0.543 0.457 1
Debug: the total model count for 16 decision is 0.543 0.457 1
Debug: the total model count for 13 decision is 0.543 0.457 1
Debug: the total model count for 13 decision is 0.543 0.457 1
d Deciding on: -13 with sign 0 73
d Deciding on: -16 with sign 0 52
Debug: the total model count for 16 decision is 0.543 0.457 1
Debug: the total model count for 16 decision is 0.543 0.457 1
d Deciding on: -16 with sign 0 52
Debug: the total model count for 16 decision is 0.543 0.457 1
Debug: the total model count for 16 decision is 0.543 0.457 1
Debug: the total model count for 13 decision is 0.543 0.457 1
Debug: the total model count for 13 decision is 0.543 0.457 1
Debug: the total model count for 12 decision is 0.543 0.457 1
Debug: the total model count for 12 decision is 0.543 0.457 1
d Deciding on: -12 with sign 0 102
d Deciding on: 13 with sign 1 72
d Deciding on: 16 with sign 1 53
Debug: the total model count for 16 decision is 0.457 0.543 1
Debug: the total model count for 16 decision is 0.457 0.543 1
d Deciding on: -16 with sign 0 53
Debug: the total model count for 16 decision is 0.543 0.457 1
Debug: the total model count for 16 decision is 0.543 0.457 1
Debug: the total model count for 13 decision is 0.457 0.543 1
Debug: the total model count for 13 decision is 0.457 0.543 1
d Deciding on: -13 with sign 0 73
d Deciding on: 16 with sign 1 52
Debug: the total model count for 16 decision is 0.457 0.543 1
Debug: the total model count for 16 decision is 0.457 0.543 1
d Deciding on: 16 with sign 1 52
Debug: the total model count for 16 decision is 0.457 0.543 1
Debug: the total model count for 16 decision is 0.457 0.543 1
Debug: the total model count for 13 decision is 0.543 0.457 1
Debug: the total model count for 13 decision is 0.543 0.457 1
Debug: the total model count for 12 decision is 0.543 0.457 1
Debug: the total model count for 12 decision is 0.543 0.457 1
Debug: the total model count for 14 decision is 0.457 0.543 1
Debug: the total model count for 14 decision is 0.457 0.543 1
d Deciding on: -12 with sign 0 105
d Deciding on: -14 with sign 0 103
d Deciding on: -13 with sign 0 73
d Deciding on: 16 with sign 1 53
d Deciding on: 15 with sign 1 51
Debug: the total model count for 15 decision is 0.457 0.543 1
Debug: the total model count for 15 decision is 0.457 0.543 1
d Deciding on: 15 with sign 1 52
Debug: the total model count for 15 decision is 0.457 0.543 1
Debug: the total model count for 15 decision is 0.457 0.543 1
Debug: the total model count for 16 decision is 0.457 0.543 1
Debug: the total model count for 16 decision is 0.457 0.543 1
d Deciding on: 15 with sign 1 53
d Deciding on: 16 with sign 1 52
Debug: the total model count for 16 decision is 0.457 0.543 1
Debug: the total model count for 16 decision is 0.457 0.543 1
Debug: the total model count for 15 decision is 0.457 0.543 1
Debug: the total model count for 15 decision is 0.457 0.543 1
Debug: the total model count for 13 decision is 0.543 0.457 1
Debug: the total model count for 13 decision is 0.543 0.457 1
d Deciding on: 13 with sign 1 73
d Deciding on: 16 with sign 1 52
d Deciding on: 15 with sign 1 52
Debug: the total model count for 15 decision is 0.457 0.543 1
Debug: the total model count for 15 decision is 0.457 0.543 1
Debug: the total model count for 16 decision is 0.457 0.543 1
Debug: the total model count for 16 decision is 0.457 0.543 1
d Deciding on: 15 with sign 1 52
d Deciding on: 16 with sign 1 51
Debug: the total model count for 16 decision is 0.457 0.543 1
Debug: the total model count for 16 decision is 0.457 0.543 1
Debug: the total model count for 15 decision is 0.457 0.543 1
Debug: the total model count for 15 decision is 0.457 0.543 1
Debug: the total model count for 13 decision is 0.457 0.543 1
Debug: the total model count for 13 decision is 0.457 0.543 1
Debug: the total model count for 14 decision is 0.543 0.457 1
Debug: the total model count for 14 decision is 0.543 0.457 1
d Deciding on: -30 with sign 0 71
Debug: the total model count for 30 decision is 1 1 2
Debug: the total model count for 30 decision is 1 1 2
d Deciding on: -13 with sign 0 74
d Deciding on: -15 with sign 0 52
d Deciding on: 16 with sign 1 51
Debug: the total model count for 16 decision is 0.457 0.543 1
Debug: the total model count for 16 decision is 0.457 0.543 1
Debug: the total model count for 15 decision is 0.543 0.457 1
Debug: the total model count for 15 decision is 0.543 0.457 1
d Deciding on: -15 with sign 0 52
Debug: the total model count for 15 decision is 0.543 0.457 1
Debug: the total model count for 15 decision is 0.543 0.457 1
Debug: the total model count for 13 decision is 0.543 0.457 1
Debug: the total model count for 13 decision is 0.543 0.457 1
Debug: the total model count for 12 decision is 0.543 0.208849 0.751849
Debug: the total model count for 12 decision is 0.543 0.208849 0.751849
Debug: the total model count for 32 decision is 0.543 0.751849 1.29485
Debug: the total model count for 32 decision is 0.543 0.751849 1.29485
Debug: the total model count for 34 decision is 0.474961 1.29485 1.76981
Debug: the total model count for 34 decision is 0.474961 1.29485 1.76981
Debug: the total model count for 36 decision is 0.517643 1.29485 1.81249
Debug: the total model count for 36 decision is 0.517643 1.29485 1.81249
Debug: the total model count for 39 decision is 0.791151 1.29485 2.086
Debug: the total model count for 39 decision is 0.791151 1.29485 2.086
d Deciding on: -39 with sign 0 275
d Deciding on: -12 with sign 0 121
Debug: the total model count for 12 decision is 0.294849 0.457 0.751849
Debug: the total model count for 12 decision is 0.294849 0.457 0.751849
d Deciding on: -36 with sign 0 231
d Deciding on: 12 with sign 1 121
d Deciding on: -13 with sign 0 74
Debug: the total model count for 13 decision is 0.382897 0.134746 0.517643
Debug: the total model count for 13 decision is 0.382897 0.134746 0.517643
Debug: the total model count for 12 decision is 0.236563 0.28108 0.517643
Debug: the total model count for 12 decision is 0.236563 0.28108 0.517643
d Deciding on: -34 with sign 0 187
d Deciding on: -14 with sign 0 132
d Deciding on: -12 with sign 0 121
d Deciding on: -13 with sign 0 73
Debug: the total model count for 13 decision is 0.543 0.457 1
Debug: the total model count for 13 decision is 0.543 0.457 1
Debug: the total model count for 12 decision is 0.543 0.457 1
Debug: the total model count for 12 decision is 0.543 0.457 1
d Deciding on: -12 with sign 0 123
d Deciding on: 13 with sign 1 72
Debug: the total model count for 13 decision is 0.457 0.543 1
Debug: the total model count for 13 decision is 0.457 0.543 1
Debug: the total model count for 12 decision is 0.248151 0.248151 0.496302
Debug: the total model count for 12 decision is 0.248151 0.248151 0.496302
Debug: the total model count for 14 decision is 0.248151 0.22681 0.474961
Debug: the total model count for 14 decision is 0.248151 0.22681 0.474961
d Deciding on: -32 with sign 0 145
d Deciding on: -14 with sign 0 132
d Deciding on: -12 with sign 0 122
d Deciding on: -13 with sign 0 73
Debug: the total model count for 13 decision is 0.543 0.457 1
Debug: the total model count for 13 decision is 0.543 0.457 1
d Deciding on: -13 with sign 0 72
Debug: the total model count for 13 decision is 0.543 0.457 1
Debug: the total model count for 13 decision is 0.543 0.457 1
Debug: the total model count for 12 decision is 0.543 0.457 1
Debug: the total model count for 12 decision is 0.543 0.457 1
d Deciding on: 12 with sign 1 123
d Deciding on: -13 with sign 0 72
Debug: the total model count for 13 decision is 0.543 0.457 1
Debug: the total model count for 13 decision is 0.543 0.457 1
d Deciding on: 13 with sign 1 73
Debug: the total model count for 13 decision is 0.457 0.543 1
Debug: the total model count for 13 decision is 0.457 0.543 1
Debug: the total model count for 12 decision is 0.457 0.543 1
Debug: the total model count for 12 decision is 0.457 0.543 1
Debug: the total model count for 14 decision is 0.543 0.457 1
Debug: the total model count for 14 decision is 0.543 0.457 1
d Deciding on: -12 with sign 0 135
d Deciding on: -13 with sign 0 74
Debug: the total model count for 13 decision is 0.543 0.457 1
Debug: the total model count for 13 decision is 0.543 0.457 1
d Deciding on: 14 with sign 1 164
d Deciding on: -13 with sign 0 73
Debug: the total model count for 13 decision is 0.543 0.457 1
Debug: the total model count for 13 decision is 0.543 0.457 1
d Deciding on: -13 with sign 0 73
d Deciding on: -15 with sign 0 52
d Deciding on: -16 with sign 0 51
Debug: the total model count for 16 decision is 0.543 0.457 1
Debug: the total model count for 16 decision is 0.543 0.457 1
Debug: the total model count for 15 decision is 0.543 0.457 1
Debug: the total model count for 15 decision is 0.543 0.457 1
d Deciding on: -15 with sign 0 52
Debug: the total model count for 15 decision is 0.543 0.457 1
Debug: the total model count for 15 decision is 0.543 0.457 1
Debug: the total model count for 13 decision is 0.543 0.457 1
Debug: the total model count for 13 decision is 0.543 0.457 1
Debug: the total model count for 14 decision is 0.457 0.543 1
Debug: the total model count for 14 decision is 0.457 0.543 1
Debug: the total model count for 12 decision is 0.248151 0.457 0.705151
Debug: the total model count for 12 decision is 0.248151 0.457 0.705151
Debug: the total model count for 32 decision is 0.543 0.705151 1.24815
Debug: the total model count for 32 decision is 0.543 0.705151 1.24815
Debug: the total model count for 34 decision is 0.474961 1.24815 1.72311
Debug: the total model count for 34 decision is 0.474961 1.24815 1.72311
Debug: the total model count for 36 decision is 0.517643 1.24815 1.76579
Debug: the total model count for 36 decision is 0.517643 1.24815 1.76579
Debug: the total model count for 39 decision is 0.751849 1.24815 2
Debug: the total model count for 39 decision is 0.751849 1.24815 2
Debug: the total model count for 9 decision is 1.00273 0.0179734 1.0207
Debug: the total model count for 9 decision is 1.00273 0.0179734 1.0207
d Deciding on: -9 with sign 0 317
Debug: the total model count for 9 decision is 0.0179734 1.00273 1.0207
Debug: the total model count for 9 decision is 0.0179734 1.00273 1.0207
Debug: the total model count for 43 decision is 1.0207 1.0207 2.04141
Debug: the total model count for 43 decision is 1.0207 1.0207 2.04141
Debug: the total model count for 42 decision is 0.7888 1.0207 1.8095
Debug: the total model count for 42 decision is 0.7888 1.0207 1.8095
d Deciding on: -42 with sign 0 371
d Deciding on: -9 with sign 0 288
d Deciding on: -50 with sign 0 232
Debug: the total model count for 50 decision is 1 1 2
Debug: the total model count for 50 decision is 1 1 2
d Deciding on: -49 with sign 0 208
d Deciding on: 24 with sign 1 171
Debug: the total model count for 24 decision is 0.457 0.294849 0.751849
Debug: the total model count for 24 decision is 0.457 0.294849 0.751849
d Deciding on: -24 with sign 0 175
d Deciding on: 25 with sign 1 144
d Deciding on: -47 with sign 0 112
d Deciding on: -45 with sign 0 51
Debug: the total model count for 45 decision is 1 1 2
Debug: the total model count for 45 decision is 1 1 2
Debug: the total model count for 47 decision is 1 1 2
Debug: the total model count for 47 decision is 1 1 2
Debug: the total model count for 25 decision is 0.457 0.543 1
Debug: the total model count for 25 decision is 0.457 0.543 1
Debug: the total model count for 24 decision is 0.294849 0.248151 0.543
Debug: the total model count for 24 decision is 0.294849 0.248151 0.543
Debug: the total model count for 49 decision is 0.457 0.294849 0.751849
Debug: the total model count for 49 decision is 0.457 0.294849 0.751849
d Deciding on: -50 with sign 0 232
Debug: the total model count for 50 decision is 1 1 2
Debug: the total model count for 50 decision is 1 1 2
d Deciding on: -49 with sign 0 208
d Deciding on: 24 with sign 1 171
Debug: the total model count for 24 decision is 0.248151 0.543 0.791151
Debug: the total model count for 24 decision is 0.248151 0.543 0.791151
d Deciding on: -24 with sign 0 175
d Deciding on: -25 with sign 0 143
d Deciding on: -47 with sign 0 113
Debug: the total model count for 47 decision is 1 1 2
Debug: the total model count for 47 decision is 1 1 2
Debug: the total model count for 25 decision is 0.543 0.457 1
Debug: the total model count for 25 decision is 0.543 0.457 1
Debug: the total model count for 24 decision is 0.294849 0.248151 0.543
Debug: the total model count for 24 decision is 0.294849 0.248151 0.543
Debug: the total model count for 49 decision is 0.543 0.294849 0.837849
Debug: the total model count for 49 decision is 0.543 0.294849 0.837849
Debug: the total model count for 9 decision is 0.0065808 0.420499 0.42708
Debug: the total model count for 9 decision is 0.0065808 0.420499 0.42708
d Deciding on: 9 with sign 1 317
d Deciding on: -39 with sign 0 315
d Deciding on: -50 with sign 0 240
d Deciding on: -43 with sign 0 240
d Deciding on: -49 with sign 0 208
d Deciding on: 24 with sign 1 174
d Deciding on: 25 with sign 1 144
d Deciding on: -12 with sign 0 144
d Deciding on: -11 with sign 0 123
d Deciding on: -10 with sign 0 121
Debug: the total model count for 10 decision is 0.05484 0.88 0.93484
Debug: the total model count for 10 decision is 0.05484 0.88 0.93484
Debug: the total model count for 11 decision is 0.112181 0.0573408 0.169522
Debug: the total model count for 11 decision is 0.112181 0.0573408 0.169522
d Deciding on: -10 with sign 0 123
Debug: the total model count for 10 decision is 0.12 0.0482592 0.168259
Debug: the total model count for 10 decision is 0.12 0.0482592 0.168259
Debug: the total model count for 12 decision is 0.0920502 0.0768945 0.168945
Debug: the total model count for 12 decision is 0.0920502 0.0768945 0.168945
d Deciding on: -12 with sign 0 144
d Deciding on: 10 with sign 1 123
d Deciding on: -11 with sign 0 122
Debug: the total model count for 11 decision is 0.05484 0.47784 0.53268
Debug: the total model count for 11 decision is 0.05484 0.47784 0.53268
Debug: the total model count for 10 decision is 0.7744 0.0639216 0.838322
Debug: the total model count for 10 decision is 0.7744 0.0639216 0.838322
d Deciding on: -11 with sign 0 123
d Deciding on: 10 with sign 1 121
Debug: the total model count for 10 decision is 0.47784 0.12 0.59784
Debug: the total model count for 10 decision is 0.47784 0.12 0.59784
Debug: the total model count for 11 decision is 0.0144 0.526099 0.540499
Debug: the total model count for 11 decision is 0.0144 0.526099 0.540499
Debug: the total model count for 12 decision is 0.455209 0.247008 0.702217
Debug: the total model count for 12 decision is 0.455209 0.247008 0.702217
Debug: the total model count for 25 decision is 0.0772077 0.381304 0.458511
Debug: the total model count for 25 decision is 0.0772077 0.381304 0.458511
d Deciding on: 25 with sign 1 144
d Deciding on: -12 with sign 0 74
d Deciding on: -10 with sign 0 63
Debug: the total model count for 10 decision is 0.0065808 0.88 0.886581
Debug: the total model count for 10 decision is 0.0065808 0.88 0.886581
d Deciding on: -11 with sign 0 63
d Deciding on: -10 with sign 0 61
Debug: the total model count for 10 decision is 0.12 0.40216 0.52216
Debug: the total model count for 10 decision is 0.12 0.40216 0.52216
Debug: the total model count for 11 decision is 0.0626592 0.420499 0.483158
Debug: the total model count for 11 decision is 0.0626592 0.420499 0.483158
Debug: the total model count for 12 decision is 0.481413 0.220803 0.702217
Debug: the total model count for 12 decision is 0.481413 0.220803 0.702217
d Deciding on: -12 with sign 0 74
d Deciding on: -10 with sign 0 63
Debug: the total model count for 10 decision is 0.0573408 0.88 0.937341
Debug: the total model count for 10 decision is 0.0573408 0.88 0.937341
d Deciding on: -10 with sign 0 63
d Deciding on: -11 with sign 0 62
Debug: the total model count for 11 decision is 0.05484 0.47784 0.53268
Debug: the total model count for 11 decision is 0.05484 0.47784 0.53268
Debug: the total model count for 10 decision is 0.1056 0.468758 0.574358
Debug: the total model count for 10 decision is 0.1056 0.468758 0.574358
Debug: the total model count for 12 decision is 0.508976 0.262482 0.771458
Debug: the total model count for 12 decision is 0.508976 0.262482 0.771458
Debug: the total model count for 25 decision is 0.320913 0.418902 0.739815
Debug: the total model count for 25 decision is 0.320913 0.418902 0.739815
Debug: the total model count for 24 decision is 0.174256 0.227464 0.401719
Debug: the total model count for 24 decision is 0.174256 0.227464 0.401719
d Deciding on: 24 with sign 1 93
d Deciding on: -12 with sign 0 74
d Deciding on: -11 with sign 0 63
d Deciding on: 10 with sign 1 62
Debug: the total model count for 10 decision is 0.88 0.05484 0.93484
Debug: the total model count for 10 decision is 0.88 0.05484 0.93484
d Deciding on: 10 with sign 1 61
Debug: the total model count for 10 decision is 0.88 0.06516 0.94516
Debug: the total model count for 10 decision is 0.88 0.06516 0.94516
Debug: the total model count for 11 decision is 0.112181 0.831741 0.943922
Debug: the total model count for 11 decision is 0.112181 0.831741 0.943922
d Deciding on: -10 with sign 0 63
d Deciding on: 11 with sign 1 63
Debug: the total model count for 11 decision is 0.47784 0.05484 0.53268
Debug: the total model count for 11 decision is 0.47784 0.05484 0.53268
Debug: the total model count for 10 decision is 0.12 0.468758 0.588758
Debug: the total model count for 10 decision is 0.12 0.468758 0.588758
Debug: the total model count for 12 decision is 0.512549 0.269063 0.781612
Debug: the total model count for 12 decision is 0.512549 0.269063 0.781612
d Deciding on: 25 with sign 1 75
d Deciding on: -12 with sign 0 74
d Deciding on: -11 with sign 0 63
d Deciding on: -10 with sign 0 62
Debug: the total model count for 10 decision is 0.06516 0.88 0.94516
Debug: the total model count for 10 decision is 0.06516 0.88 0.94516
Debug: the total model count for 11 decision is 0.112181 0.831741 0.943922
Debug: the total model count for 11 decision is 0.112181 0.831741 0.943922
d Deciding on: -10 with sign 0 63
d Deciding on: -11 with sign 0 61
Debug: the total model count for 11 decision is 0.12 0.88 1
Debug: the total model count for 11 decision is 0.12 0.88 1
Debug: the total model count for 10 decision is 0.12 0.468758 0.588758
Debug: the total model count for 10 decision is 0.12 0.468758 0.588758
Debug: the total model count for 12 decision is 0.512549 0.269063 0.781612
Debug: the total model count for 12 decision is 0.512549 0.269063 0.781612
d Deciding on: -12 with sign 0 74
d Deciding on: 10 with sign 1 63
d Deciding on: -11 with sign 0 63
Debug: the total model count for 11 decision is 0.05484 0.47784 0.53268
Debug: the total model count for 11 decision is 0.05484 0.47784 0.53268
Debug: the total model count for 10 decision is 0.88 0.0639216 0.943922
Debug: the total model count for 10 decision is 0.88 0.0639216 0.943922
d Deciding on: 10 with sign 1 63
d Deciding on: -11 with sign 0 61
Debug: the total model count for 11 decision is 0.12 0.88 1
Debug: the total model count for 11 decision is 0.12 0.88 1
Debug: the total model count for 10 decision is 0.468758 0.12 0.588758
Debug: the total model count for 10 decision is 0.468758 0.12 0.588758
Debug: the total model count for 12 decision is 0.512549 0.269063 0.781612
Debug: the total model count for 12 decision is 0.512549 0.269063 0.781612
Debug: the total model count for 25 decision is 0.357197 0.424415 0.781612
Debug: the total model count for 25 decision is 0.357197 0.424415 0.781612
Debug: the total model count for 24 decision is 0.193958 0.230458 0.424415
Debug: the total model count for 24 decision is 0.193958 0.230458 0.424415
Debug: the total model count for 49 decision is 0.227464 0.230458 0.457921
Debug: the total model count for 49 decision is 0.227464 0.230458 0.457921
Debug: the total model count for 43 decision is 0.230458 0.332678 0.563136
Debug: the total model count for 43 decision is 0.230458 0.332678 0.563136
d Deciding on: -43 with sign 0 123
Debug: the total model count for 43 decision is 1 1 2
Debug: the total model count for 43 decision is 1 1 2
Debug: the total model count for 50 decision is 0.332678 0.332678 0.665357
Debug: the total model count for 50 decision is 0.332678 0.332678 0.665357
d Deciding on: -36 with sign 0 141
d Deciding on: -43 with sign 0 125
d Deciding on: -50 with sign 0 124
d Deciding on: -49 with sign 0 108
d Deciding on: 24 with sign 1 89
d Deciding on: 25 with sign 1 74
d Deciding on: -12 with sign 0 74
d Deciding on: -10 with sign 0 63
d Deciding on: 11 with sign 1 62
d Deciding on: -13 with sign 0 39
Debug: the total model count for 13 decision is 0.382897 0.134746 0.517643
Debug: the total model count for 13 decision is 0.382897 0.134746 0.517643
Debug: the total model count for 11 decision is 0.455526 0.0621172 0.517643
Debug: the total model count for 11 decision is 0.455526 0.0621172 0.517643
Debug: the total model count for 10 decision is 0.0621172 0.0546631 0.11678
Debug: the total model count for 10 decision is 0.0621172 0.0546631 0.11678
d Deciding on: -11 with sign 0 63
d Deciding on: -10 with sign 0 61
d Deciding on: 13 with sign 1 39
Debug: the total model count for 13 decision is 0.134746 0.382897 0.517643
Debug: the total model count for 13 decision is 0.134746 0.382897 0.517643
Debug: the total model count for 10 decision is 0.0621172 0.455526 0.517643
Debug: the total model count for 10 decision is 0.0621172 0.455526 0.517643
Debug: the total model count for 11 decision is 0.0621172 0.0546631 0.11678
Debug: the total model count for 11 decision is 0.0621172 0.0546631 0.11678
Debug: the total model count for 12 decision is 0.0634117 0.0533686 0.11678
Debug: the total model count for 12 decision is 0.0634117 0.0533686 0.11678
d Deciding on: -12 with sign 0 74
d Deciding on: 10 with sign 1 63
Debug: the total model count for 10 decision is 0.400863 0.0621172 0.46298
Debug: the total model count for 10 decision is 0.400863 0.0621172 0.46298
d Deciding on: 10 with sign 1 63
Debug: the total model count for 10 decision is 0.400863 0.0621172 0.46298
Debug: the total model count for 10 decision is 0.400863 0.0621172 0.46298
Debug: the total model count for 12 decision is 0.251398 0.211582 0.46298
Debug: the total model count for 12 decision is 0.251398 0.211582 0.46298
Debug: the total model count for 25 decision is 0.0533686 0.251398 0.304767
Debug: the total model count for 25 decision is 0.0533686 0.251398 0.304767
d Deciding on: 12 with sign 1 74
d Deciding on: 25 with sign 1 72
d Deciding on: 10 with sign 1 63
d Deciding on: 11 with sign 1 62
Debug: the total model count for 11 decision is 0.455526 0.0621172 0.517643
Debug: the total model count for 11 decision is 0.455526 0.0621172 0.517643
Debug: the total model count for 10 decision is 0.455526 0.00745406 0.46298
Debug: the total model count for 10 decision is 0.455526 0.00745406 0.46298
d Deciding on: -10 with sign 0 63
Debug: the total model count for 10 decision is 0.0546631 0.455526 0.510189
Debug: the total model count for 10 decision is 0.0546631 0.455526 0.510189
Debug: the total model count for 25 decision is 0.211582 0.277033 0.488614
Debug: the total model count for 25 decision is 0.211582 0.277033 0.488614
d Deciding on: 25 with sign 1 72
d Deciding on: -11 with sign 0 63
d Deciding on: -10 with sign 0 61
Debug: the total model count for 10 decision is 0.0621172 0.455526 0.517643
Debug: the total model count for 10 decision is 0.0621172 0.455526 0.517643
Debug: the total model count for 11 decision is 0.0621172 0.400863 0.46298
Debug: the total model count for 11 decision is 0.0621172 0.400863 0.46298
d Deciding on: -10 with sign 0 63
Debug: the total model count for 10 decision is 0.0546631 0.455526 0.510189
Debug: the total model count for 10 decision is 0.0546631 0.455526 0.510189
Debug: the total model count for 25 decision is 0.211582 0.277033 0.488614
Debug: the total model count for 25 decision is 0.211582 0.277033 0.488614
Debug: the total model count for 12 decision is 0.126604 0.150429 0.277033
Debug: the total model count for 12 decision is 0.126604 0.150429 0.277033
Debug: the total model count for 24 decision is 0.114889 0.150429 0.265318
Debug: the total model count for 24 decision is 0.114889 0.150429 0.265318
d Deciding on: 24 with sign 1 93
d Deciding on: 12 with sign 1 74
d Deciding on: -10 with sign 0 63
d Deciding on: -11 with sign 0 63
Debug: the total model count for 11 decision is 0.0621172 0.455526 0.517643
Debug: the total model count for 11 decision is 0.0621172 0.455526 0.517643
Debug: the total model count for 10 decision is 0.0621172 0.455526 0.517643
Debug: the total model count for 10 decision is 0.0621172 0.455526 0.517643
d Deciding on: -10 with sign 0 63
d Deciding on: -11 with sign 0 61
Debug: the total model count for 11 decision is 0.12 0.88 1
Debug: the total model count for 11 decision is 0.12 0.88 1
Debug: the total model count for 10 decision is 0.0621172 0.455526 0.517643
Debug: the total model count for 10 decision is 0.0621172 0.455526 0.517643
Debug: the total model count for 12 decision is 0.236563 0.28108 0.517643
Debug: the total model count for 12 decision is 0.236563 0.28108 0.517643
d Deciding on: -12 with sign 0 75
d Deciding on: 25 with sign 1 75
d Deciding on: 10 with sign 1 63
d Deciding on: 11 with sign 1 63
Debug: the total model count for 11 decision is 0.455526 0.0621172 0.517643
Debug: the total model count for 11 decision is 0.455526 0.0621172 0.517643
Debug: the total model count for 10 decision is 0.455526 0.0621172 0.517643
Debug: the total model count for 10 decision is 0.455526 0.0621172 0.517643
d Deciding on: -10 with sign 0 63
d Deciding on: -11 with sign 0 63
Debug: the total model count for 11 decision is 0.0621172 0.455526 0.517643
Debug: the total model count for 11 decision is 0.0621172 0.455526 0.517643
Debug: the total model count for 10 decision is 0.0621172 0.455526 0.517643
Debug: the total model count for 10 decision is 0.0621172 0.455526 0.517643
Debug: the total model count for 25 decision is 0.236563 0.28108 0.517643
Debug: the total model count for 25 decision is 0.236563 0.28108 0.517643
d Deciding on: 25 with sign 1 75
d Deciding on: -11 with sign 0 63
d Deciding on: -10 with sign 0 62
Debug: the total model count for 10 decision is 0.0621172 0.455526 0.517643
Debug: the total model count for 10 decision is 0.0621172 0.455526 0.517643
Debug: the total model count for 11 decision is 0.0621172 0.455526 0.517643
Debug: the total model count for 11 decision is 0.0621172 0.455526 0.517643
d Deciding on: 11 with sign 1 63
d Deciding on: -10 with sign 0 61
Debug: the total model count for 10 decision is 0.0621172 0.455526 0.517643
Debug: the total model count for 10 decision is 0.0621172 0.455526 0.517643
d Deciding on: 10 with sign 1 62
Debug: the total model count for 10 decision is 0.455526 0.0621172 0.517643
Debug: the total model count for 10 decision is 0.455526 0.0621172 0.517643
Debug: the total model count for 11 decision is 0.455526 0.0621172 0.517643
Debug: the total model count for 11 decision is 0.455526 0.0621172 0.517643
Debug: the total model count for 25 decision is 0.236563 0.28108 0.517643
Debug: the total model count for 25 decision is 0.236563 0.28108 0.517643
Debug: the total model count for 12 decision is 0.152627 0.128454 0.28108
Debug: the total model count for 12 decision is 0.152627 0.128454 0.28108
Debug: the total model count for 24 decision is 0.128454 0.152627 0.28108
Debug: the total model count for 24 decision is 0.128454 0.152627 0.28108
Debug: the total model count for 49 decision is 0.150429 0.152627 0.303055
Debug: the total model count for 49 decision is 0.150429 0.152627 0.303055
Debug: the total model count for 50 decision is 0.152627 0.217668 0.370295
Debug: the total model count for 50 decision is 0.152627 0.217668 0.370295
Debug: the total model count for 43 decision is 0.217668 0.217668 0.435337
Debug: the total model count for 43 decision is 0.217668 0.217668 0.435337
d Deciding on: -34 with sign 0 125
d Deciding on: -43 with sign 0 125
d Deciding on: -50 with sign 0 124
d Deciding on: -49 with sign 0 108
d Deciding on: 24 with sign 1 89
d Deciding on: 14 with sign 1 82
d Deciding on: 25 with sign 1 76
d Deciding on: -12 with sign 0 76
d Deciding on: 11 with sign 1 63
d Deciding on: 10 with sign 1 61
d Deciding on: 13 with sign 1 38
Debug: the total model count for 13 decision is 0.457 0.543 1
Debug: the total model count for 13 decision is 0.457 0.543 1
Debug: the total model count for 10 decision is 0.88 0.12 1
Debug: the total model count for 10 decision is 0.88 0.12 1
Debug: the total model count for 11 decision is 0.1056 0.12 0.2256
Debug: the total model count for 11 decision is 0.1056 0.12 0.2256
d Deciding on: -10 with sign 0 63
d Deciding on: 13 with sign 1 38
Debug: the total model count for 13 decision is 0.457 0.543 1
Debug: the total model count for 13 decision is 0.457 0.543 1
Debug: the total model count for 10 decision is 0.12 0.1056 0.2256
Debug: the total model count for 10 decision is 0.12 0.1056 0.2256
Debug: the total model count for 12 decision is 0.0559829 0.0559829 0.111966
Debug: the total model count for 12 decision is 0.0559829 0.0559829 0.111966
d Deciding on: 12 with sign 1 76
d Deciding on: -10 with sign 0 63
Debug: the total model count for 10 decision is 0.12 0.7744 0.8944
Debug: the total model count for 10 decision is 0.12 0.7744 0.8944
d Deciding on: -10 with sign 0 63
d Deciding on: -11 with sign 0 62
Debug: the total model count for 11 decision is 0.12 0.88 1
Debug: the total model count for 11 decision is 0.12 0.88 1
Debug: the total model count for 10 decision is 0.12 0.7744 0.8944
Debug: the total model count for 10 decision is 0.12 0.7744 0.8944
Debug: the total model count for 12 decision is 0.221946 0.221946 0.443893
Debug: the total model count for 12 decision is 0.221946 0.221946 0.443893
Debug: the total model count for 25 decision is 0.0511683 0.241034 0.292202
Debug: the total model count for 25 decision is 0.0511683 0.241034 0.292202
d Deciding on: 12 with sign 1 74
d Deciding on: 25 with sign 1 72
d Deciding on: -10 with sign 0 63
d Deciding on: -13 with sign 0 38
Debug: the total model count for 13 decision is 0.543 0.457 1
Debug: the total model count for 13 decision is 0.543 0.457 1
Debug: the total model count for 10 decision is 0.12 0.1056 0.2256
Debug: the total model count for 10 decision is 0.12 0.1056 0.2256
d Deciding on: -10 with sign 0 63
Debug: the total model count for 10 decision is 0.12 0.7744 0.8944
Debug: the total model count for 10 decision is 0.12 0.7744 0.8944
Debug: the total model count for 25 decision is 0.103099 0.485659 0.588758
Debug: the total model count for 25 decision is 0.103099 0.485659 0.588758
d Deciding on: 25 with sign 1 72
Debug: the total model count for 25 decision is 0.103099 0.485659 0.588758
Debug: the total model count for 25 decision is 0.103099 0.485659 0.588758
Debug: the total model count for 12 decision is 0.221946 0.263713 0.485659
Debug: the total model count for 12 decision is 0.221946 0.263713 0.485659
Debug: the total model count for 14 decision is 0.110152 0.120517 0.230669
Debug: the total model count for 14 decision is 0.110152 0.120517 0.230669
d Deciding on: 14 with sign 1 82
d Deciding on: -12 with sign 0 76
d Deciding on: -25 with sign 0 72
d Deciding on: -11 with sign 0 63
d Deciding on: -10 with sign 0 61
Debug: the total model count for 10 decision is 0.12 0.88 1
Debug: the total model count for 10 decision is 0.12 0.88 1
Debug: the total model count for 11 decision is 0.1056 0.88 0.9856
Debug: the total model count for 11 decision is 0.1056 0.88 0.9856
d Deciding on: -11 with sign 0 63
Debug: the total model count for 11 decision is 0.12 0.7744 0.8944
Debug: the total model count for 11 decision is 0.12 0.7744 0.8944
Debug: the total model count for 25 decision is 0.535181 0.408741 0.943922
Debug: the total model count for 25 decision is 0.535181 0.408741 0.943922
d Deciding on: -25 with sign 0 72
d Deciding on: -11 with sign 0 63
d Deciding on: -10 with sign 0 61
Debug: the total model count for 10 decision is 0.12 0.88 1
Debug: the total model count for 10 decision is 0.12 0.88 1
Debug: the total model count for 11 decision is 0.1056 0.88 0.9856
Debug: the total model count for 11 decision is 0.1056 0.88 0.9856
d Deciding on: -11 with sign 0 63
d Deciding on: 10 with sign 1 61
Debug: the total model count for 10 decision is 0.88 0.12 1
Debug: the total model count for 10 decision is 0.88 0.12 1
Debug: the total model count for 11 decision is 0.12 0.7744 0.8944
Debug: the total model count for 11 decision is 0.12 0.7744 0.8944
Debug: the total model count for 25 decision is 0.535181 0.408741 0.943922
Debug: the total model count for 25 decision is 0.535181 0.408741 0.943922
Debug: the total model count for 12 decision is 0.132806 0.132806 0.265611
Debug: the total model count for 12 decision is 0.132806 0.132806 0.265611
d Deciding on: 12 with sign 1 74
d Deciding on: 25 with sign 1 72
d Deciding on: 10 with sign 1 63
d Deciding on: 11 with sign 1 62
Debug: the total model count for 11 decision is 0.88 0.12 1
Debug: the total model count for 11 decision is 0.88 0.12 1
Debug: the total model count for 10 decision is 0.88 0.0144 0.8944
Debug: the total model count for 10 decision is 0.88 0.0144 0.8944
d Deciding on: -10 with sign 0 63
Debug: the total model count for 10 decision is 0.1056 0.88 0.9856
Debug: the total model count for 10 decision is 0.1056 0.88 0.9856
Debug: the total model count for 25 decision is 0.408741 0.535181 0.943922
Debug: the total model count for 25 decision is 0.408741 0.535181 0.943922
Debug: the total model count for 12 decision is 0.244578 0.290603 0.535181
Debug: the total model count for 12 decision is 0.244578 0.290603 0.535181
Debug: the total model count for 14 decision is 0.121384 0.132806 0.25419
Debug: the total model count for 14 decision is 0.121384 0.132806 0.25419
Debug: the total model count for 24 decision is 0.105416 0.138025 0.243441
Debug: the total model count for 24 decision is 0.105416 0.138025 0.243441
d Deciding on: -24 with sign 0 93
d Deciding on: 14 with sign 1 82
d Deciding on: 12 with sign 1 76
d Deciding on: 25 with sign 1 75
d Deciding on: -11 with sign 0 63
d Deciding on: -10 with sign 0 62
Debug: the total model count for 10 decision is 0.12 0.88 1
Debug: the total model count for 10 decision is 0.12 0.88 1
Debug: the total model count for 11 decision is 0.12 0.88 1
Debug: the total model count for 11 decision is 0.12 0.88 1
d Deciding on: -11 with sign 0 63
d Deciding on: -10 with sign 0 62
Debug: the total model count for 10 decision is 0.12 0.88 1
Debug: the total model count for 10 decision is 0.12 0.88 1
Debug: the total model count for 11 decision is 0.12 0.88 1
Debug: the total model count for 11 decision is 0.12 0.88 1
Debug: the total model count for 25 decision is 0.457 0.543 1
Debug: the total model count for 25 decision is 0.457 0.543 1
d Deciding on: 25 with sign 1 75
d Deciding on: -10 with sign 0 63
d Deciding on: 11 with sign 1 63
Debug: the total model count for 11 decision is 0.88 0.12 1
Debug: the total model count for 11 decision is 0.88 0.12 1
Debug: the total model count for 10 decision is 0.12 0.88 1
Debug: the total model count for 10 decision is 0.12 0.88 1
d Deciding on: -11 with sign 0 63
d Deciding on: -10 with sign 0 62
Debug: the total model count for 10 decision is 0.12 0.88 1
Debug: the total model count for 10 decision is 0.12 0.88 1
Debug: the total model count for 11 decision is 0.12 0.88 1
Debug: the total model count for 11 decision is 0.12 0.88 1
Debug: the total model count for 25 decision is 0.457 0.543 1
Debug: the total model count for 25 decision is 0.457 0.543 1
Debug: the total model count for 12 decision is 0.134746 0.134746 0.269492
Debug: the total model count for 12 decision is 0.134746 0.134746 0.269492
d Deciding on: 25 with sign 1 75
d Deciding on: 12 with sign 1 74
d Deciding on: -10 with sign 0 63
Debug: the total model count for 10 decision is 0.12 0.88 1
Debug: the total model count for 10 decision is 0.12 0.88 1
Debug: the total model count for 12 decision is 0.457 0.543 1
Debug: the total model count for 12 decision is 0.457 0.543 1
d Deciding on: -12 with sign 0 74
d Deciding on: 11 with sign 1 63
d Deciding on: 10 with sign 1 61
Debug: the total model count for 10 decision is 0.88 0.12 1
Debug: the total model count for 10 decision is 0.88 0.12 1
d Deciding on: -10 with sign 0 32
Debug: the total model count for 10 decision is 0.12 0.88 1
Debug: the total model count for 10 decision is 0.12 0.88 1
Debug: the total model count for 11 decision is 0.88 0.12 1
Debug: the total model count for 11 decision is 0.88 0.12 1
Debug: the total model count for 12 decision is 0.543 0.457 1
Debug: the total model count for 12 decision is 0.543 0.457 1
Debug: the total model count for 25 decision is 0.457 0.543 1
Debug: the total model count for 25 decision is 0.457 0.543 1
Debug: the total model count for 14 decision is 0.123158 0.134746 0.257904
Debug: the total model count for 14 decision is 0.123158 0.134746 0.257904
d Deciding on: 14 with sign 1 42
d Deciding on: 12 with sign 1 41
d Deciding on: -10 with sign 0 33
d Deciding on: -11 with sign 0 33
Debug: the total model count for 11 decision is 0.12 0.88 1
Debug: the total model count for 11 decision is 0.12 0.88 1
Debug: the total model count for 10 decision is 0.12 0.88 1
Debug: the total model count for 10 decision is 0.12 0.88 1
d Deciding on: 10 with sign 1 33
Debug: the total model count for 10 decision is 0.88 0.12 1
Debug: the total model count for 10 decision is 0.88 0.12 1
Debug: the total model count for 12 decision is 0.248151 0.248151 0.496302
Debug: the total model count for 12 decision is 0.248151 0.248151 0.496302
d Deciding on: -12 with sign 0 39
d Deciding on: 11 with sign 1 33
d Deciding on: -10 with sign 0 32
Debug: the total model count for 10 decision is 0.12 0.88 1
Debug: the total model count for 10 decision is 0.12 0.88 1
Debug: the total model count for 11 decision is 0.88 0.12 1
Debug: the total model count for 11 decision is 0.88 0.12 1
Debug: the total model count for 12 decision is 0.543 0.457 1
Debug: the total model count for 12 decision is 0.543 0.457 1
Debug: the total model count for 14 decision is 0.22681 0.248151 0.474961
Debug: the total model count for 14 decision is 0.22681 0.248151 0.474961
Debug: the total model count for 24 decision is 0.140042 0.117862 0.257904
Debug: the total model count for 24 decision is 0.140042 0.117862 0.257904
Debug: the total model count for 49 decision is 0.138025 0.140042 0.278067
Debug: the total model count for 49 decision is 0.138025 0.140042 0.278067
Debug: the total model count for 50 decision is 0.140042 0.199721 0.339763
Debug: the total model count for 50 decision is 0.140042 0.199721 0.339763
Debug: the total model count for 43 decision is 0.199721 0.199721 0.399441
Debug: the total model count for 43 decision is 0.199721 0.199721 0.399441
d Deciding on: -50 with sign 0 69
d Deciding on: -43 with sign 0 67.5
d Deciding on: -49 with sign 0 58
d Deciding on: 24 with sign 1 50
d Deciding on: -32 with sign 0 50
d Deciding on: 12 with sign 1 42
d Deciding on: 14 with sign 1 42
d Deciding on: 10 with sign 1 37
d Deciding on: -11 with sign 0 37
d Deciding on: -13 with sign 0 20.5
Debug: the total model count for 13 decision is 0.543 0.457 1
Debug: the total model count for 13 decision is 0.543 0.457 1
Debug: the total model count for 11 decision is 0.05484 0.47784 0.53268
Debug: the total model count for 11 decision is 0.05484 0.47784 0.53268
Debug: the total model count for 10 decision is 0.468758 0.12 0.588758
Debug: the total model count for 10 decision is 0.468758 0.12 0.588758
d Deciding on: 25 with sign 1 37
d Deciding on: -10 with sign 0 33
d Deciding on: 13 with sign 1 20.5
Debug: the total model count for 13 decision is 0.457 0.543 1
Debug: the total model count for 13 decision is 0.457 0.543 1
Debug: the total model count for 10 decision is 0.12 0.1056 0.2256
Debug: the total model count for 10 decision is 0.12 0.1056 0.2256
d Deciding on: -11 with sign 0 33
d Deciding on: 10 with sign 1 31
Debug: the total model count for 10 decision is 0.88 0.12 1
Debug: the total model count for 10 decision is 0.88 0.12 1
Debug: the total model count for 11 decision is 0.0144 0.88 0.8944
Debug: the total model count for 11 decision is 0.0144 0.88 0.8944
Debug: the total model count for 25 decision is 0.103099 0.485659 0.588758
Debug: the total model count for 25 decision is 0.103099 0.485659 0.588758
Debug: the total model count for 14 decision is 0.269063 0.263713 0.532776
Debug: the total model count for 14 decision is 0.269063 0.263713 0.532776
d Deciding on: 14 with sign 1 41
d Deciding on: -11 with sign 0 37
d Deciding on: -25 with sign 0 36
d Deciding on: -13 with sign 0 20.5
Debug: the total model count for 13 decision is 0.543 0.457 1
Debug: the total model count for 13 decision is 0.543 0.457 1
d Deciding on: 10 with sign 1 31
Debug: the total model count for 10 decision is 0.88 0.12 1
Debug: the total model count for 10 decision is 0.88 0.12 1
Debug: the total model count for 25 decision is 0.06516 0.457 0.52216
Debug: the total model count for 25 decision is 0.06516 0.457 0.52216
d Deciding on: 25 with sign 1 36
d Deciding on: 10 with sign 1 31
Debug: the total model count for 10 decision is 0.88 0.12 1
Debug: the total model count for 10 decision is 0.88 0.12 1
Debug: the total model count for 25 decision is 0.05484 0.543 0.59784
Debug: the total model count for 25 decision is 0.05484 0.543 0.59784
Debug: the total model count for 11 decision is 0.05484 0.47784 0.53268
Debug: the total model count for 11 decision is 0.05484 0.47784 0.53268
d Deciding on: 25 with sign 1 37
d Deciding on: -10 with sign 0 33
d Deciding on: -11 with sign 0 32
d Deciding on: -13 with sign 0 20.5
Debug: the total model count for 13 decision is 0.543 0.457 1
Debug: the total model count for 13 decision is 0.543 0.457 1
Debug: the total model count for 11 decision is 0.12 0.88 1
Debug: the total model count for 11 decision is 0.12 0.88 1
Debug: the total model count for 10 decision is 0.12 0.1056 0.2256
Debug: the total model count for 10 decision is 0.12 0.1056 0.2256
d Deciding on: -10 with sign 0 33
Debug: the total model count for 10 decision is 0.12 0.7744 0.8944
Debug: the total model count for 10 decision is 0.12 0.7744 0.8944
Debug: the total model count for 25 decision is 0.103099 0.485659 0.588758
Debug: the total model count for 25 decision is 0.103099 0.485659 0.588758
Debug: the total model count for 14 decision is 0.243435 0.263713 0.507148
Debug: the total model count for 14 decision is 0.243435 0.263713 0.507148
Debug: the total model count for 12 decision is 0.243478 0.275381 0.51886
Debug: the total model count for 12 decision is 0.243478 0.275381 0.51886
d Deciding on: 12 with sign 1 45
d Deciding on: -10 with sign 0 37
d Deciding on: -25 with sign 0 37
d Deciding on: -13 with sign 0 21.5
Debug: the total model count for 13 decision is 0.543 0.457 1
Debug: the total model count for 13 decision is 0.543 0.457 1
Debug: the total model count for 25 decision is 0.47784 0.05484 0.53268
Debug: the total model count for 25 decision is 0.47784 0.05484 0.53268
Debug: the total model count for 10 decision is 0.12 0.420499 0.540499
Debug: the total model count for 10 decision is 0.12 0.420499 0.540499
d Deciding on: 14 with sign 1 43
d Deciding on: -11 with sign 0 37
d Deciding on: 25 with sign 1 36
d Deciding on: -10 with sign 0 31
d Deciding on: -13 with sign 0 21.5
Debug: the total model count for 13 decision is 0.543 0.457 1
Debug: the total model count for 13 decision is 0.543 0.457 1
Debug: the total model count for 10 decision is 0.12 0.88 1
Debug: the total model count for 10 decision is 0.12 0.88 1
Debug: the total model count for 25 decision is 0.457 0.06516 0.52216
Debug: the total model count for 25 decision is 0.457 0.06516 0.52216
d Deciding on: 25 with sign 1 36
d Deciding on: 10 with sign 1 31
Debug: the total model count for 10 decision is 0.88 0.12 1
Debug: the total model count for 10 decision is 0.88 0.12 1
Debug: the total model count for 25 decision is 0.05484 0.543 0.59784
Debug: the total model count for 25 decision is 0.05484 0.543 0.59784
Debug: the total model count for 11 decision is 0.05484 0.47784 0.53268
Debug: the total model count for 11 decision is 0.05484 0.47784 0.53268
d Deciding on: 25 with sign 1 37
d Deciding on: -10 with sign 0 33
d Deciding on: 11 with sign 1 32
d Deciding on: 13 with sign 1 21.5
Debug: the total model count for 13 decision is 0.457 0.543 1
Debug: the total model count for 13 decision is 0.457 0.543 1
d Deciding on: -13 with sign 0 21.5
Debug: the total model count for 13 decision is 0.543 0.457 1
Debug: the total model count for 13 decision is 0.543 0.457 1
Debug: the total model count for 11 decision is 0.88 0.12 1
Debug: the total model count for 11 decision is 0.88 0.12 1
Debug: the total model count for 10 decision is 0.12 0.1056 0.2256
Debug: the total model count for 10 decision is 0.12 0.1056 0.2256
d Deciding on: 10 with sign 1 33
Debug: the total model count for 10 decision is 0.7744 0.12 0.8944
Debug: the total model count for 10 decision is 0.7744 0.12 0.8944
Debug: the total model count for 25 decision is 0.103099 0.485659 0.588758
Debug: the total model count for 25 decision is 0.103099 0.485659 0.588758
Debug: the total model count for 14 decision is 0.243435 0.263713 0.507148
Debug: the total model count for 14 decision is 0.243435 0.263713 0.507148
Debug: the total model count for 12 decision is 0.112883 0.275381 0.388264
Debug: the total model count for 12 decision is 0.112883 0.275381 0.388264
Debug: the total model count for 32 decision is 0.281741 0.388264 0.670005
Debug: the total model count for 32 decision is 0.281741 0.388264 0.670005
d Deciding on: -32 with sign 0 50
d Deciding on: 14 with sign 1 42
d Deciding on: -12 with sign 0 41
d Deciding on: -25 with sign 0 37
d Deciding on: -10 with sign 0 33
Debug: the total model count for 10 decision is 0.1056 0.88 0.9856
Debug: the total model count for 10 decision is 0.1056 0.88 0.9856
d Deciding on: -10 with sign 0 33
Debug: the total model count for 10 decision is 0.0144 0.88 0.8944
Debug: the total model count for 10 decision is 0.0144 0.88 0.8944
Debug: the total model count for 25 decision is 0.535181 0.408741 0.943922
Debug: the total model count for 25 decision is 0.535181 0.408741 0.943922
d Deciding on: 25 with sign 1 37
d Deciding on: 10 with sign 1 33
d Deciding on: 11 with sign 1 32
Debug: the total model count for 11 decision is 0.88 0.12 1
Debug: the total model count for 11 decision is 0.88 0.12 1
Debug: the total model count for 10 decision is 0.88 0.0144 0.8944
Debug: the total model count for 10 decision is 0.88 0.0144 0.8944
d Deciding on: -11 with sign 0 33
d Deciding on: -10 with sign 0 31
Debug: the total model count for 10 decision is 0.12 0.88 1
Debug: the total model count for 10 decision is 0.12 0.88 1
Debug: the total model count for 11 decision is 0.1056 0.88 0.9856
Debug: the total model count for 11 decision is 0.1056 0.88 0.9856
Debug: the total model count for 25 decision is 0.408741 0.535181 0.943922
Debug: the total model count for 25 decision is 0.408741 0.535181 0.943922
Debug: the total model count for 12 decision is 0.290603 0.244578 0.535181
Debug: the total model count for 12 decision is 0.290603 0.244578 0.535181
d Deciding on: 25 with sign 1 40
d Deciding on: -12 with sign 0 40
d Deciding on: 10 with sign 1 33
Debug: the total model count for 10 decision is 0.88 0.0144 0.8944
Debug: the total model count for 10 decision is 0.88 0.0144 0.8944
d Deciding on: -10 with sign 0 33
d Deciding on: -11 with sign 0 32
Debug: the total model count for 11 decision is 0.12 0.88 1
Debug: the total model count for 11 decision is 0.12 0.88 1
Debug: the total model count for 10 decision is 0.0144 0.88 0.8944
Debug: the total model count for 10 decision is 0.0144 0.88 0.8944
Debug: the total model count for 12 decision is 0.485659 0.408741 0.8944
Debug: the total model count for 12 decision is 0.485659 0.408741 0.8944
d Deciding on: 12 with sign 1 40
d Deciding on: -11 with sign 0 33
Debug: the total model count for 11 decision is 0.1056 0.88 0.9856
Debug: the total model count for 11 decision is 0.1056 0.88 0.9856
d Deciding on: -10 with sign 0 33
Debug: the total model count for 10 decision is 0.1056 0.88 0.9856
Debug: the total model count for 10 decision is 0.1056 0.88 0.9856
Debug: the total model count for 12 decision is 0.450419 0.535181 0.9856
Debug: the total model count for 12 decision is 0.450419 0.535181 0.9856
Debug: the total model count for 25 decision is 0.408741 0.535181 0.943922
Debug: the total model count for 25 decision is 0.408741 0.535181 0.943922
Debug: the total model count for 14 decision is 0.244578 0.290603 0.535181
Debug: the total model count for 14 decision is 0.244578 0.290603 0.535181
d Deciding on: 12 with sign 1 45
d Deciding on: -10 with sign 0 37
d Deciding on: 25 with sign 1 37
Debug: the total model count for 25 decision is 0.05484 0.47784 0.53268
Debug: the total model count for 25 decision is 0.05484 0.47784 0.53268
d Deciding on: -11 with sign 0 32
Debug: the total model count for 11 decision is 0.12 0.88 1
Debug: the total model count for 11 decision is 0.12 0.88 1
Debug: the total model count for 10 decision is 0.0573408 0.88 0.937341
Debug: the total model count for 10 decision is 0.0573408 0.88 0.937341
d Deciding on: 14 with sign 1 43
d Deciding on: -10 with sign 0 37
d Deciding on: 25 with sign 1 37
Debug: the total model count for 25 decision is 0.05484 0.47784 0.53268
Debug: the total model count for 25 decision is 0.05484 0.47784 0.53268
Debug: the total model count for 10 decision is 0.0573408 0.88 0.937341
Debug: the total model count for 10 decision is 0.0573408 0.88 0.937341
d Deciding on: 25 with sign 1 37
d Deciding on: 11 with sign 1 33
d Deciding on: -10 with sign 0 31
Debug: the total model count for 10 decision is 0.12 0.88 1
Debug: the total model count for 10 decision is 0.12 0.88 1
Debug: the total model count for 11 decision is 0.7744 0.12 0.8944
Debug: the total model count for 11 decision is 0.7744 0.12 0.8944
d Deciding on: -10 with sign 0 33
Debug: the total model count for 10 decision is 0.1056 0.88 0.9856
Debug: the total model count for 10 decision is 0.1056 0.88 0.9856
Debug: the total model count for 25 decision is 0.408741 0.535181 0.943922
Debug: the total model count for 25 decision is 0.408741 0.535181 0.943922
Debug: the total model count for 14 decision is 0.428365 0.290603 0.718968
Debug: the total model count for 14 decision is 0.428365 0.290603 0.718968
Debug: the total model count for 12 decision is 0.195763 0.3904 0.586162
Debug: the total model count for 12 decision is 0.195763 0.3904 0.586162
Debug: the total model count for 32 decision is 0.290603 0.586162 0.876765
Debug: the total model count for 32 decision is 0.290603 0.586162 0.876765
Debug: the total model count for 24 decision is 0.306192 0.476084 0.782276
Debug: the total model count for 24 decision is 0.306192 0.476084 0.782276
d Deciding on: -32 with sign 0 50.5
d Deciding on: -24 with sign 0 50.5
d Deciding on: 14 with sign 1 42
d Deciding on: 25 with sign 1 41
d Deciding on: -12 with sign 0 41
d Deciding on: -11 with sign 0 33
d Deciding on: -10 with sign 0 32
Debug: the total model count for 10 decision is 0.12 0.88 1
Debug: the total model count for 10 decision is 0.12 0.88 1
Debug: the total model count for 11 decision is 0.12 0.88 1
Debug: the total model count for 11 decision is 0.12 0.88 1
d Deciding on: -11 with sign 0 33
d Deciding on: -10 with sign 0 31
Debug: the total model count for 10 decision is 0.12 0.88 1
Debug: the total model count for 10 decision is 0.12 0.88 1
d Deciding on: 10 with sign 1 32
Debug: the total model count for 10 decision is 0.88 0.12 1
Debug: the total model count for 10 decision is 0.88 0.12 1
Debug: the total model count for 11 decision is 0.12 0.88 1
Debug: the total model count for 11 decision is 0.12 0.88 1
Debug: the total model count for 12 decision is 0.543 0.457 1
Debug: the total model count for 12 decision is 0.543 0.457 1
d Deciding on: -12 with sign 0 41
d Deciding on: 10 with sign 1 33
d Deciding on: 11 with sign 1 33
Debug: the total model count for 11 decision is 0.88 0.12 1
Debug: the total model count for 11 decision is 0.88 0.12 1
Debug: the total model count for 10 decision is 0.88 0.12 1
Debug: the total model count for 10 decision is 0.88 0.12 1
d Deciding on: 11 with sign 1 33
d Deciding on: -10 with sign 0 32
Debug: the total model count for 10 decision is 0.12 0.88 1
Debug: the total model count for 10 decision is 0.12 0.88 1
Debug: the total model count for 11 decision is 0.88 0.12 1
Debug: the total model count for 11 decision is 0.88 0.12 1
Debug: the total model count for 12 decision is 0.543 0.457 1
Debug: the total model count for 12 decision is 0.543 0.457 1
Debug: the total model count for 25 decision is 0.457 0.543 1
Debug: the total model count for 25 decision is 0.457 0.543 1
d Deciding on: 25 with sign 1 40
d Deciding on: -12 with sign 0 40
d Deciding on: -11 with sign 0 33
d Deciding on: 10 with sign 1 31
Debug: the total model count for 10 decision is 0.88 0.12 1
Debug: the total model count for 10 decision is 0.88 0.12 1
d Deciding on: -10 with sign 0 32
Debug: the total model count for 10 decision is 0.12 0.88 1
Debug: the total model count for 10 decision is 0.12 0.88 1
Debug: the total model count for 11 decision is 0.12 0.88 1
Debug: the total model count for 11 decision is 0.12 0.88 1
d Deciding on: -11 with sign 0 33
d Deciding on: -10 with sign 0 31
Debug: the total model count for 10 decision is 0.12 0.88 1
Debug: the total model count for 10 decision is 0.12 0.88 1
d Deciding on: -10 with sign 0 32
Debug: the total model count for 10 decision is 0.12 0.88 1
Debug: the total model count for 10 decision is 0.12 0.88 1
Debug: the total model count for 11 decision is 0.12 0.88 1
Debug: the total model count for 11 decision is 0.12 0.88 1
Debug: the total model count for 12 decision is 0.543 0.457 1
Debug: the total model count for 12 decision is 0.543 0.457 1
d Deciding on: -12 with sign 0 40
d Deciding on: -11 with sign 0 33
d Deciding on: 10 with sign 1 32
Debug: the total model count for 10 decision is 0.88 0.12 1
Debug: the total model count for 10 decision is 0.88 0.12 1
d Deciding on: -10 with sign 0 31
Debug: the total model count for 10 decision is 0.12 0.88 1
Debug: the total model count for 10 decision is 0.12 0.88 1
Debug: the total model count for 11 decision is 0.12 0.88 1
Debug: the total model count for 11 decision is 0.12 0.88 1
d Deciding on: -11 with sign 0 33
d Deciding on: -10 with sign 0 32
Debug: the total model count for 10 decision is 0.12 0.88 1
Debug: the total model count for 10 decision is 0.12 0.88 1
Debug: the total model count for 11 decision is 0.12 0.88 1
Debug: the total model count for 11 decision is 0.12 0.88 1
Debug: the total model count for 12 decision is 0.543 0.457 1
Debug: the total model count for 12 decision is 0.543 0.457 1
Debug: the total model count for 25 decision is 0.457 0.543 1
Debug: the total model count for 25 decision is 0.457 0.543 1
Debug: the total model count for 14 decision is 0.248151 0.294849 0.543
Debug: the total model count for 14 decision is 0.248151 0.294849 0.543
d Deciding on: -12 with sign 0 42
d Deciding on: 14 with sign 1 41
d Deciding on: -11 with sign 0 33
d Deciding on: 10 with sign 1 32
Debug: the total model count for 10 decision is 0.88 0.12 1
Debug: the total model count for 10 decision is 0.88 0.12 1
Debug: the total model count for 11 decision is 0.12 0.88 1
Debug: the total model count for 11 decision is 0.12 0.88 1
d Deciding on: -11 with sign 0 33
d Deciding on: 10 with sign 1 32
Debug: the total model count for 10 decision is 0.88 0.12 1
Debug: the total model count for 10 decision is 0.88 0.12 1
Debug: the total model count for 11 decision is 0.12 0.88 1
Debug: the total model count for 11 decision is 0.12 0.88 1
Debug: the total model count for 14 decision is 0.457 0.543 1
Debug: the total model count for 14 decision is 0.457 0.543 1
d Deciding on: 14 with sign 1 42
d Deciding on: -11 with sign 0 33
d Deciding on: -10 with sign 0 32
Debug: the total model count for 10 decision is 0.12 0.88 1
Debug: the total model count for 10 decision is 0.12 0.88 1
Debug: the total model count for 11 decision is 0.12 0.88 1
Debug: the total model count for 11 decision is 0.12 0.88 1
d Deciding on: -11 with sign 0 33
d Deciding on: 10 with sign 1 32
Debug: the total model count for 10 decision is 0.88 0.12 1
Debug: the total model count for 10 decision is 0.88 0.12 1
Debug: the total model count for 11 decision is 0.12 0.88 1
Debug: the total model count for 11 decision is 0.12 0.88 1
Debug: the total model count for 14 decision is 0.457 0.543 1
Debug: the total model count for 14 decision is 0.457 0.543 1
Debug: the total model count for 12 decision is 0.543 0.457 1
Debug: the total model count for 12 decision is 0.543 0.457 1
Debug: the total model count for 24 decision is 0.294849 0.248151 0.543
Debug: the total model count for 24 decision is 0.294849 0.248151 0.543
d Deciding on: -24 with sign 0 50.5
d Deciding on: 14 with sign 1 45
d Deciding on: -12 with sign 0 42
d Deciding on: 25 with sign 1 40
d Deciding on: 10 with sign 1 33
d Deciding on: -11 with sign 0 18
Debug: the total model count for 11 decision is 0.12 0.88 1
Debug: the total model count for 11 decision is 0.12 0.88 1
Debug: the total model count for 10 decision is 0.88 0.12 1
Debug: the total model count for 10 decision is 0.88 0.12 1
d Deciding on: -11 with sign 0 18
d Deciding on: -10 with sign 0 17
Debug: the total model count for 10 decision is 0.12 0.88 1
Debug: the total model count for 10 decision is 0.12 0.88 1
Debug: the total model count for 11 decision is 0.12 0.88 1
Debug: the total model count for 11 decision is 0.12 0.88 1
Debug: the total model count for 25 decision is 0.457 0.543 1
Debug: the total model count for 25 decision is 0.457 0.543 1
d Deciding on: 25 with sign 1 22.5
d Deciding on: -11 with sign 0 18
d Deciding on: -10 with sign 0 16
Debug: the total model count for 10 decision is 0.12 0.88 1
Debug: the total model count for 10 decision is 0.12 0.88 1
d Deciding on: 10 with sign 1 17
Debug: the total model count for 10 decision is 0.88 0.12 1
Debug: the total model count for 10 decision is 0.88 0.12 1
Debug: the total model count for 11 decision is 0.12 0.88 1
Debug: the total model count for 11 decision is 0.12 0.88 1
d Deciding on: 10 with sign 1 18
Debug: the total model count for 10 decision is 0.88 0.12 1
Debug: the total model count for 10 decision is 0.88 0.12 1
Debug: the total model count for 25 decision is 0.457 0.543 1
Debug: the total model count for 25 decision is 0.457 0.543 1
Debug: the total model count for 12 decision is 0.294849 0.248151 0.543
Debug: the total model count for 12 decision is 0.294849 0.248151 0.543
d Deciding on: -25 with sign 0 22.5
d Deciding on: -11 with sign 0 18
d Deciding on: -10 with sign 0 17
Debug: the total model count for 10 decision is 0.12 0.88 1
Debug: the total model count for 10 decision is 0.12 0.88 1
d Deciding on: 10 with sign 1 16
Debug: the total model count for 10 decision is 0.88 0.12 1
Debug: the total model count for 10 decision is 0.88 0.12 1
Debug: the total model count for 11 decision is 0.12 0.88 1
Debug: the total model count for 11 decision is 0.12 0.88 1
d Deciding on: -10 with sign 0 18
d Deciding on: 11 with sign 1 18
Debug: the total model count for 11 decision is 0.88 0.12 1
Debug: the total model count for 11 decision is 0.88 0.12 1
Debug: the total model count for 10 decision is 0.12 0.88 1
Debug: the total model count for 10 decision is 0.12 0.88 1
Debug: the total model count for 25 decision is 0.543 0.457 1
Debug: the total model count for 25 decision is 0.543 0.457 1
Debug: the total model count for 14 decision is 0.248151 0.160103 0.408254
Debug: the total model count for 14 decision is 0.248151 0.160103 0.408254
d Deciding on: 14 with sign 1 25.5
d Deciding on: 12 with sign 1 24.5
d Deciding on: -11 with sign 0 18
d Deciding on: -10 with sign 0 17
Debug: the total model count for 10 decision is 0.12 0.88 1
Debug: the total model count for 10 decision is 0.12 0.88 1
d Deciding on: -10 with sign 0 16
Debug: the total model count for 10 decision is 0.12 0.88 1
Debug: the total model count for 10 decision is 0.12 0.88 1
Debug: the total model count for 11 decision is 0.12 0.88 1
Debug: the total model count for 11 decision is 0.12 0.88 1
d Deciding on: -10 with sign 0 18
d Deciding on: -11 with sign 0 17
Debug: the total model count for 11 decision is 0.12 0.88 1
Debug: the total model count for 11 decision is 0.12 0.88 1
Debug: the total model count for 10 decision is 0.12 0.88 1
Debug: the total model count for 10 decision is 0.12 0.88 1
Debug: the total model count for 12 decision is 0.457 0.543 1
Debug: the total model count for 12 decision is 0.457 0.543 1
d Deciding on: -10 with sign 0 18
Debug: the total model count for 10 decision is 0.12 0.88 1
Debug: the total model count for 10 decision is 0.12 0.88 1
Debug: the total model count for 14 decision is 0.457 0.294849 0.751849
Debug: the total model count for 14 decision is 0.457 0.294849 0.751849
Debug: the total model count for 24 decision is 0.221682 0.186572 0.408254
Debug: the total model count for 24 decision is 0.221682 0.186572 0.408254
Debug: the total model count for 32 decision is 0.160103 0.221682 0.381785
Debug: the total model count for 32 decision is 0.160103 0.221682 0.381785
Debug: the total model count for 49 decision is 0.476084 0.381785 0.857869
Debug: the total model count for 49 decision is 0.476084 0.381785 0.857869
Debug: the total model count for 43 decision is 0.476084 0.544483 1.02057
Debug: the total model count for 43 decision is 0.476084 0.544483 1.02057
Debug: the total model count for 50 decision is 0.544483 0.544483 1.08897
Debug: the total model count for 50 decision is 0.544483 0.544483 1.08897
Debug: the total model count for 34 decision is 0.199721 0.544483 0.744204
Debug: the total model count for 34 decision is 0.199721 0.544483 0.744204
Debug: the total model count for 36 decision is 0.217668 0.544483 0.762151
Debug: the total model count for 36 decision is 0.217668 0.544483 0.762151
Debug: the total model count for 39 decision is 0.332678 0.544483 0.877161
Debug: the total model count for 39 decision is 0.332678 0.544483 0.877161
d Deciding on: -39 with sign 0 52.5
d Deciding on: -43 with sign 0 41.5
d Deciding on: -50 with sign 0 41.5
d Deciding on: -49 with sign 0 33
d Deciding on: 24 with sign 1 29.25
d Deciding on: 25 with sign 1 23.5
d Deciding on: -11 with sign 0 21.5
d Deciding on: -12 with sign 0 19.5
Debug: the total model count for 12 decision is 0.507618 0.238627 0.746245
Debug: the total model count for 12 decision is 0.507618 0.238627 0.746245
d Deciding on: 10 with sign 1 19.5
Debug: the total model count for 10 decision is 0.696213 0.0902219 0.786435
Debug: the total model count for 10 decision is 0.696213 0.0902219 0.786435
Debug: the total model count for 11 decision is 0.0895494 0.692063 0.781612
Debug: the total model count for 11 decision is 0.0895494 0.692063 0.781612
Debug: the total model count for 25 decision is 0.357197 0.424415 0.781612
Debug: the total model count for 25 decision is 0.357197 0.424415 0.781612
Debug: the total model count for 24 decision is 0.193958 0.230458 0.424415
Debug: the total model count for 24 decision is 0.193958 0.230458 0.424415
Debug: the total model count for 49 decision is 0.227464 0.230458 0.457921
Debug: the total model count for 49 decision is 0.227464 0.230458 0.457921
Debug: the total model count for 50 decision is 0.230458 0.0362836 0.266741
Debug: the total model count for 50 decision is 0.230458 0.0362836 0.266741
Debug: the total model count for 43 decision is 0.230458 0.0362836 0.266741
Debug: the total model count for 43 decision is 0.230458 0.0362836 0.266741
d Deciding on: -36 with sign 0 43.5
d Deciding on: -43 with sign 0 41.5
d Deciding on: -50 with sign 0 41.5
d Deciding on: -49 with sign 0 33
d Deciding on: 25 with sign 1 29.25
d Deciding on: 10 with sign 1 21.5
d Deciding on: -12 with sign 0 19.5
d Deciding on: -11 with sign 0 16
Debug: the total model count for 11 decision is 0.12 0.88 1
Debug: the total model count for 11 decision is 0.12 0.88 1
d Deciding on: -11 with sign 0 18
Debug: the total model count for 11 decision is 0.0621172 0.455526 0.517643
Debug: the total model count for 11 decision is 0.0621172 0.455526 0.517643
Debug: the total model count for 12 decision is 0.28108 0.236563 0.517643
Debug: the total model count for 12 decision is 0.28108 0.236563 0.517643
d Deciding on: 12 with sign 1 19.5
Debug: the total model count for 12 decision is 0.236563 0.28108 0.517643
Debug: the total model count for 12 decision is 0.236563 0.28108 0.517643
Debug: the total model count for 10 decision is 0.455526 0.0621172 0.517643
Debug: the total model count for 10 decision is 0.455526 0.0621172 0.517643
d Deciding on: -24 with sign 0 25.25
d Deciding on: -11 with sign 0 21.5
d Deciding on: 10 with sign 1 19.5
d Deciding on: 12 with sign 1 18.5
Debug: the total model count for 12 decision is 0.236563 0.28108 0.517643
Debug: the total model count for 12 decision is 0.236563 0.28108 0.517643
d Deciding on: -12 with sign 0 18.5
Debug: the total model count for 12 decision is 0.28108 0.236563 0.517643
Debug: the total model count for 12 decision is 0.28108 0.236563 0.517643
Debug: the total model count for 10 decision is 0.455526 0.0621172 0.517643
Debug: the total model count for 10 decision is 0.455526 0.0621172 0.517643
d Deciding on: -12 with sign 0 19.5
d Deciding on: -10 with sign 0 16
Debug: the total model count for 10 decision is 0.0621172 0.455526 0.517643
Debug: the total model count for 10 decision is 0.0621172 0.455526 0.517643
Debug: the total model count for 12 decision is 0.28108 0.236563 0.517643
Debug: the total model count for 12 decision is 0.28108 0.236563 0.517643
Debug: the total model count for 11 decision is 0.0621172 0.455526 0.517643
Debug: the total model count for 11 decision is 0.0621172 0.455526 0.517643
Debug: the total model count for 24 decision is 0.28108 0.236563 0.517643
Debug: the total model count for 24 decision is 0.28108 0.236563 0.517643
Debug: the total model count for 25 decision is 0.108109 0.152627 0.260736
Debug: the total model count for 25 decision is 0.108109 0.152627 0.260736
Debug: the total model count for 49 decision is 0.150429 0.152627 0.303055
Debug: the total model count for 49 decision is 0.150429 0.152627 0.303055
Debug: the total model count for 50 decision is 0.152627 0.024981 0.177608
Debug: the total model count for 50 decision is 0.152627 0.024981 0.177608
Debug: the total model count for 43 decision is 0.152627 0.024981 0.177608
Debug: the total model count for 43 decision is 0.152627 0.024981 0.177608
d Deciding on: -50 with sign 0 41.5
d Deciding on: -43 with sign 0 38.75
d Deciding on: -49 with sign 0 34.5
d Deciding on: -34 with sign 0 34.5
d Deciding on: -32 with sign 0 27.5
d Deciding on: 12 with sign 1 25.25
d Deciding on: 24 with sign 1 25.25
d Deciding on: 14 with sign 1 22
d Deciding on: -10 with sign 0 19.5
Debug: the total model count for 10 decision is 0.0573408 0.88 0.937341
Debug: the total model count for 10 decision is 0.0573408 0.88 0.937341
Debug: the total model count for 14 decision is 0.244578 0.508976 0.753554
Debug: the total model count for 14 decision is 0.244578 0.508976 0.753554
Debug: the total model count for 24 decision is 0.243478 0.40918 0.652658
Debug: the total model count for 24 decision is 0.243478 0.40918 0.652658
d Deciding on: 24 with sign 1 25.25
d Deciding on: 14 with sign 1 21
d Deciding on: 11 with sign 1 19.5
d Deciding on: 25 with sign 1 18.5
Debug: the total model count for 25 decision is 0.40216 0.543 0.94516
Debug: the total model count for 25 decision is 0.40216 0.543 0.94516
d Deciding on: 25 with sign 1 18.5
Debug: the total model count for 25 decision is 0.457 0.47784 0.93484
Debug: the total model count for 25 decision is 0.457 0.47784 0.93484
Debug: the total model count for 11 decision is 0.47784 0.0573408 0.535181
Debug: the total model count for 11 decision is 0.47784 0.0573408 0.535181
Debug: the total model count for 14 decision is 0.244578 0.290603 0.535181
Debug: the total model count for 14 decision is 0.244578 0.290603 0.535181
Debug: the total model count for 24 decision is 0.231767 0.290603 0.52237
Debug: the total model count for 24 decision is 0.231767 0.290603 0.52237
Debug: the total model count for 12 decision is 0.186995 0.157798 0.344793
Debug: the total model count for 12 decision is 0.186995 0.157798 0.344793
d Deciding on: -12 with sign 0 25.5
d Deciding on: -24 with sign 0 25.25
Debug: the total model count for 24 decision is 0.508976 0.243435 0.752411
Debug: the total model count for 24 decision is 0.508976 0.243435 0.752411
d Deciding on: 14 with sign 1 25.25
d Deciding on: 24 with sign 1 25.25
Debug: the total model count for 24 decision is 0.247008 0.508976 0.755984
Debug: the total model count for 24 decision is 0.247008 0.508976 0.755984
d Deciding on: 24 with sign 1 25.25
d Deciding on: 11 with sign 1 19.5
d Deciding on: 25 with sign 1 18.5
d Deciding on: 10 with sign 1 16
d Deciding on: 13 with sign 1 12.75
Debug: the total model count for 13 decision is 0.457 0.543 1
Debug: the total model count for 13 decision is 0.457 0.543 1
Debug: the total model count for 10 decision is 0.88 0.12 1
Debug: the total model count for 10 decision is 0.88 0.12 1
Debug: the total model count for 25 decision is 0.05484 0.543 0.59784
Debug: the total model count for 25 decision is 0.05484 0.543 0.59784
d Deciding on: 25 with sign 1 18.5
d Deciding on: -10 with sign 0 16
d Deciding on: 13 with sign 1 12.75
Debug: the total model count for 13 decision is 0.457 0.543 1
Debug: the total model count for 13 decision is 0.457 0.543 1
Debug: the total model count for 10 decision is 0.12 0.88 1
Debug: the total model count for 10 decision is 0.12 0.88 1
Debug: the total model count for 25 decision is 0.457 0.06516 0.52216
Debug: the total model count for 25 decision is 0.457 0.06516 0.52216
Debug: the total model count for 11 decision is 0.47784 0.05484 0.53268
Debug: the total model count for 11 decision is 0.47784 0.05484 0.53268
d Deciding on: -11 with sign 0 19.5
d Deciding on: 10 with sign 1 18.5
Debug: the total model count for 10 decision is 0.88 0.05484 0.93484
Debug: the total model count for 10 decision is 0.88 0.05484 0.93484
d Deciding on: -25 with sign 0 18.5
Debug: the total model count for 25 decision is 0.543 0.40216 0.94516
Debug: the total model count for 25 decision is 0.543 0.40216 0.94516
Debug: the total model count for 11 decision is 0.112181 0.47784 0.590021
Debug: the total model count for 11 decision is 0.112181 0.47784 0.590021
Debug: the total model count for 24 decision is 0.243435 0.320381 0.563816
Debug: the total model count for 24 decision is 0.243435 0.320381 0.563816
Debug: the total model count for 14 decision is 0.232602 0.173967 0.406569
Debug: the total model count for 14 decision is 0.232602 0.173967 0.406569
Debug: the total model count for 12 decision is 0.126303 0.185802 0.312105
Debug: the total model count for 12 decision is 0.126303 0.185802 0.312105
Debug: the total model count for 32 decision is 0.187222 0.312105 0.499327
Debug: the total model count for 32 decision is 0.187222 0.312105 0.499327
Debug: the total model count for 34 decision is 0.138025 0.499327 0.637353
Debug: the total model count for 34 decision is 0.138025 0.499327 0.637353
d Deciding on: -34 with sign 0 34.5
d Deciding on: 25 with sign 1 29.25
d Deciding on: -12 with sign 0 23.5
d Deciding on: 11 with sign 1 18
d Deciding on: 10 with sign 1 17
Debug: the total model count for 10 decision is 0.88 0.12 1
Debug: the total model count for 10 decision is 0.88 0.12 1
Debug: the total model count for 11 decision is 0.88 0.12 1
Debug: the total model count for 11 decision is 0.88 0.12 1
d Deciding on: 14 with sign 1 22
d Deciding on: -11 with sign 0 18
d Deciding on: -10 with sign 0 17
Debug: the total model count for 10 decision is 0.12 0.88 1
Debug: the total model count for 10 decision is 0.12 0.88 1
Debug: the total model count for 11 decision is 0.12 0.88 1
Debug: the total model count for 11 decision is 0.12 0.88 1
d Deciding on: -11 with sign 0 18
d Deciding on: -10 with sign 0 16
Debug: the total model count for 10 decision is 0.12 0.88 1
Debug: the total model count for 10 decision is 0.12 0.88 1
d Deciding on: 10 with sign 1 17
Debug: the total model count for 10 decision is 0.88 0.12 1
Debug: the total model count for 10 decision is 0.88 0.12 1
Debug: the total model count for 11 decision is 0.12 0.88 1
Debug: the total model count for 11 decision is 0.12 0.88 1
Debug: the total model count for 14 decision is 0.248151 0.248151 0.496302
Debug: the total model count for 14 decision is 0.248151 0.248151 0.496302
Debug: the total model count for 12 decision is 0.248151 0.22681 0.474961
Debug: the total model count for 12 decision is 0.248151 0.22681 0.474961
d Deciding on: -12 with sign 0 25.25
d Deciding on: -24 with sign 0 25.25
Debug: the total model count for 24 decision is 0.543 0.457 1
Debug: the total model count for 24 decision is 0.543 0.457 1
d Deciding on: 24 with sign 1 25.25
d Deciding on: 14 with sign 1 22
Debug: the total model count for 14 decision is 0.248151 0.248151 0.496302
Debug: the total model count for 14 decision is 0.248151 0.248151 0.496302
d Deciding on: 14 with sign 1 22
Debug: the total model count for 14 decision is 0.248151 0.248151 0.496302
Debug: the total model count for 14 decision is 0.248151 0.248151 0.496302
Debug: the total model count for 24 decision is 0.22681 0.269492 0.496302
Debug: the total model count for 24 decision is 0.22681 0.269492 0.496302
Debug: the total model count for 12 decision is 0.134746 0.123158 0.257904
Debug: the total model count for 12 decision is 0.134746 0.123158 0.257904
Debug: the total model count for 25 decision is 0.0991951 0.140042 0.239237
Debug: the total model count for 25 decision is 0.0991951 0.140042 0.239237
d Deciding on: -32 with sign 0 29.25
d Deciding on: -25 with sign 0 29.25
d Deciding on: 24 with sign 1 25.25
d Deciding on: -12 with sign 0 23.5
d Deciding on: 14 with sign 1 21
Debug: the total model count for 14 decision is 0.457 0.543 1
Debug: the total model count for 14 decision is 0.457 0.543 1
d Deciding on: 14 with sign 1 22
Debug: the total model count for 14 decision is 0.457 0.543 1
Debug: the total model count for 14 decision is 0.457 0.543 1
Debug: the total model count for 12 decision is 0.543 0.457 1
Debug: the total model count for 12 decision is 0.543 0.457 1
Debug: the total model count for 24 decision is 0.457 0.543 1
Debug: the total model count for 24 decision is 0.457 0.543 1
d Deciding on: 14 with sign 1 23.5
d Deciding on: 12 with sign 1 23.5
d Deciding on: -10 with sign 0 18
d Deciding on: -11 with sign 0 18
Debug: the total model count for 11 decision is 0.12 0.88 1
Debug: the total model count for 11 decision is 0.12 0.88 1
Debug: the total model count for 10 decision is 0.12 0.88 1
Debug: the total model count for 10 decision is 0.12 0.88 1
d Deciding on: -10 with sign 0 18
d Deciding on: -11 with sign 0 17
Debug: the total model count for 11 decision is 0.12 0.88 1
Debug: the total model count for 11 decision is 0.12 0.88 1
Debug: the total model count for 10 decision is 0.12 0.88 1
Debug: the total model count for 10 decision is 0.12 0.88 1
Debug: the total model count for 12 decision is 0.457 0.543 1
Debug: the total model count for 12 decision is 0.457 0.543 1
d Deciding on: 12 with sign 1 22.5
d Deciding on: -10 with sign 0 18
d Deciding on: -11 with sign 0 18
Debug: the total model count for 11 decision is 0.12 0.88 1
Debug: the total model count for 11 decision is 0.12 0.88 1
Debug: the total model count for 10 decision is 0.12 0.88 1
Debug: the total model count for 10 decision is 0.12 0.88 1
d Deciding on: -11 with sign 0 18
d Deciding on: -10 with sign 0 17
Debug: the total model count for 10 decision is 0.12 0.88 1
Debug: the total model count for 10 decision is 0.12 0.88 1
Debug: the total model count for 11 decision is 0.12 0.88 1
Debug: the total model count for 11 decision is 0.12 0.88 1
Debug: the total model count for 12 decision is 0.457 0.543 1
Debug: the total model count for 12 decision is 0.457 0.543 1
Debug: the total model count for 14 decision is 0.457 0.543 1
Debug: the total model count for 14 decision is 0.457 0.543 1
Debug: the total model count for 25 decision is 0.294849 0.208849 0.503698
Debug: the total model count for 25 decision is 0.294849 0.208849 0.503698
d Deciding on: 25 with sign 1 29.25
d Deciding on: 14 with sign 1 25.5
d Deciding on: -12 with sign 0 24.5
d Deciding on: -10 with sign 0 18
Debug: the total model count for 10 decision is 0.12 0.88 1
Debug: the total model count for 10 decision is 0.12 0.88 1
d Deciding on: -11 with sign 0 18
d Deciding on: -10 with sign 0 17
Debug: the total model count for 10 decision is 0.12 0.88 1
Debug: the total model count for 10 decision is 0.12 0.88 1
Debug: the total model count for 11 decision is 0.12 0.88 1
Debug: the total model count for 11 decision is 0.12 0.88 1
Debug: the total model count for 12 decision is 0.543 0.457 1
Debug: the total model count for 12 decision is 0.543 0.457 1
d Deciding on: 10 with sign 1 18
d Deciding on: -11 with sign 0 18
Debug: the total model count for 11 decision is 0.12 0.88 1
Debug: the total model count for 11 decision is 0.12 0.88 1
Debug: the total model count for 10 decision is 0.88 0.12 1
Debug: the total model count for 10 decision is 0.88 0.12 1
Debug: the total model count for 14 decision is 0.457 0.248151 0.705151
Debug: the total model count for 14 decision is 0.457 0.248151 0.705151
d Deciding on: 14 with sign 1 25.5
d Deciding on: 12 with sign 1 25.25
d Deciding on: 24 with sign 1 25.25
Debug: the total model count for 24 decision is 0.457 0.543 1
Debug: the total model count for 24 decision is 0.457 0.543 1
d Deciding on: 24 with sign 1 25.25
Debug: the total model count for 24 decision is 0.457 0.543 1
Debug: the total model count for 24 decision is 0.457 0.543 1
Debug: the total model count for 12 decision is 0.248151 0.294849 0.543
Debug: the total model count for 12 decision is 0.248151 0.294849 0.543
d Deciding on: 24 with sign 1 25.25
d Deciding on: 11 with sign 1 18
d Deciding on: -10 with sign 0 17
Debug: the total model count for 10 decision is 0.12 0.88 1
Debug: the total model count for 10 decision is 0.12 0.88 1
Debug: the total model count for 11 decision is 0.88 0.12 1
Debug: the total model count for 11 decision is 0.88 0.12 1
d Deciding on: 11 with sign 1 18
d Deciding on: 10 with sign 1 17
Debug: the total model count for 10 decision is 0.88 0.12 1
Debug: the total model count for 10 decision is 0.88 0.12 1
Debug: the total model count for 11 decision is 0.88 0.12 1
Debug: the total model count for 11 decision is 0.88 0.12 1
Debug: the total model count for 24 decision is 0.457 0.543 1
Debug: the total model count for 24 decision is 0.457 0.543 1
Debug: the total model count for 14 decision is 0.248151 0.134746 0.382897
Debug: the total model count for 14 decision is 0.248151 0.134746 0.382897
Debug: the total model count for 25 decision is 0.14727 0.207913 0.355183
Debug: the total model count for 25 decision is 0.14727 0.207913 0.355183
Debug: the total model count for 32 decision is 0.160103 0.207913 0.368016
Debug: the total model count for 32 decision is 0.160103 0.207913 0.368016
Debug: the total model count for 34 decision is 0.140042 0.368016 0.508058
Debug: the total model count for 34 decision is 0.140042 0.368016 0.508058
Debug: the total model count for 49 decision is 0.499327 0.368016 0.867343
Debug: the total model count for 49 decision is 0.499327 0.368016 0.867343
Debug: the total model count for 43 decision is 0.499327 0.0602348 0.559562
Debug: the total model count for 43 decision is 0.499327 0.0602348 0.559562
d Deciding on: -43 with sign 0 36.75
Debug: the total model count for 43 decision is 1 1 2
Debug: the total model count for 43 decision is 1 1 2
Debug: the total model count for 50 decision is 0.499327 0.0602348 0.559562
Debug: the total model count for 50 decision is 0.499327 0.0602348 0.559562
Debug: the total model count for 36 decision is 0.152627 0.499327 0.651954
Debug: the total model count for 36 decision is 0.152627 0.499327 0.651954
Debug: the total model count for 39 decision is 0.230458 0.499327 0.729785
Debug: the total model count for 39 decision is 0.230458 0.499327 0.729785
Debug: the total model count for 9 decision is 0.479145 0.0599193 0.539064
Debug: the total model count for 9 decision is 0.479145 0.0599193 0.539064
Debug: the total model count for 42 decision is 0.37583 0.539064 0.914895
Debug: the total model count for 42 decision is 0.37583 0.539064 0.914895
Debug: the total model count for 51 decision is 0.89822 0.539064 1.43728
Debug: the total model count for 51 decision is 0.89822 0.539064 1.43728
d Deciding on: -42 with sign 0 42.875
d Deciding on: -50 with sign 0 29.75
d Deciding on: -49 with sign 0 21.5
d Deciding on: -9 with sign 0 19.5
d Deciding on: -24 with sign 0 11.625
Debug: the total model count for 24 decision is 0.248151 0.457 0.705151
Debug: the total model count for 24 decision is 0.248151 0.457 0.705151
Debug: the total model count for 9 decision is 0.0504599 0.0057911 0.056251
Debug: the total model count for 9 decision is 0.0504599 0.0057911 0.056251
d Deciding on: -18 with sign 0 54.5
d Deciding on: 25 with sign 1 15.625
d Deciding on: 24 with sign 1 12.625
Debug: the total model count for 24 decision is 0.457 0.543 1
Debug: the total model count for 24 decision is 0.457 0.543 1
d Deciding on: -47 with sign 0 49.875
Debug: the total model count for 47 decision is 1 1 2
Debug: the total model count for 47 decision is 1 1 2
Debug: the total model count for 25 decision is 0.248151 0.248151 0.496302
Debug: the total model count for 25 decision is 0.248151 0.248151 0.496302
d Deciding on: -47 with sign 0 54.75
d Deciding on: 25 with sign 1 54.75
Debug: the total model count for 25 decision is 0.248151 0.248151 0.496302
Debug: the total model count for 25 decision is 0.248151 0.248151 0.496302
Debug: the total model count for 47 decision is 0.543 0.248151 0.791151
Debug: the total model count for 47 decision is 0.543 0.248151 0.791151
Debug: the total model count for 18 decision is 0.00314457 0.0504599 0.0536045
Debug: the total model count for 18 decision is 0.00314457 0.0504599 0.0536045
Debug: the total model count for 49 decision is 0.056251 0.0536045 0.109855
Debug: the total model count for 49 decision is 0.056251 0.0536045 0.109855
d Deciding on: -49 with sign 0 88.625
d Deciding on: -51 with sign 0 80.625
d Deciding on: -18 with sign 0 54.5
Debug: the total model count for 18 decision is 0.012672 0.092928 0.1056
Debug: the total model count for 18 decision is 0.012672 0.092928 0.1056
d Deciding on: -18 with sign 0 54.5
Debug: the total model count for 18 decision is 0.0057911 0.0504599 0.056251
Debug: the total model count for 18 decision is 0.0057911 0.0504599 0.056251
Debug: the total model count for 51 decision is 0.1056 0.056251 0.161851
Debug: the total model count for 51 decision is 0.1056 0.056251 0.161851
d Deciding on: -51 with sign 0 87.625
d Deciding on: -18 with sign 0 57.75
Debug: the total model count for 18 decision is 0.00314457 0.0504599 0.0536045
Debug: the total model count for 18 decision is 0.00314457 0.0504599 0.0536045
Debug: the total model count for 51 decision is 0.1056 0.0536045 0.159204
Debug: the total model count for 51 decision is 0.1056 0.0536045 0.159204
Debug: the total model count for 49 decision is 0.1056 0.1056 0.2112
Debug: the total model count for 49 decision is 0.1056 0.1056 0.2112
Debug: the total model count for 50 decision is 0.056251 0.1056 0.161851
Debug: the total model count for 50 decision is 0.056251 0.1056 0.161851
d Deciding on: -51 with sign 0 88.625
d Deciding on: -43 with sign 0 65.375
d Deciding on: -9 with sign 0 43.5
d Deciding on: -39 with sign 0 33.75
d Deciding on: -36 with sign 0 27.25
d Deciding on: -34 with sign 0 20.75
d Deciding on: -32 with sign 0 16.25
d Deciding on: -12 with sign 0 12
d Deciding on: 14 with sign 1 11
d Deciding on: 13 with sign 1 6.375
Debug: the total model count for 13 decision is 0.457 0.543 1
Debug: the total model count for 13 decision is 0.457 0.543 1
d Deciding on: -16 with sign 0 6.375
d Deciding on: -13 with sign 0 5.375
Debug: the total model count for 13 decision is 0.543 0.457 1
Debug: the total model count for 13 decision is 0.543 0.457 1
d Deciding on: 13 with sign 1 6.375
Debug: the total model count for 13 decision is 0.457 0.543 1
Debug: the total model count for 13 decision is 0.457 0.543 1
Debug: the total model count for 16 decision is 0.543 0.457 1
Debug: the total model count for 16 decision is 0.543 0.457 1
Debug: the total model count for 14 decision is 0.457 0.543 1
Debug: the total model count for 14 decision is 0.457 0.543 1
d Deciding on: 14 with sign 1 12
d Deciding on: -13 with sign 0 7.375
Debug: the total model count for 13 decision is 0.543 0.457 1
Debug: the total model count for 13 decision is 0.543 0.457 1
d Deciding on: 13 with sign 1 7.375
Debug: the total model count for 13 decision is 0.457 0.543 1
Debug: the total model count for 13 decision is 0.457 0.543 1
Debug: the total model count for 14 decision is 0.457 0.543 1
Debug: the total model count for 14 decision is 0.457 0.543 1
Debug: the total model count for 12 decision is 0.543 0.457 1
Debug: the total model count for 12 decision is 0.543 0.457 1
d Deciding on: -12 with sign 0 15
d Deciding on: 14 with sign 1 13
d Deciding on: -13 with sign 0 7.375
d Deciding on: -15 with sign 0 5.125
Debug: the total model count for 15 decision is 0.543 0.457 1
Debug: the total model count for 15 decision is 0.543 0.457 1
d Deciding on: 16 with sign 1 5.125
d Deciding on: 15 with sign 1 4.125
Debug: the total model count for 15 decision is 0.457 0.543 1
Debug: the total model count for 15 decision is 0.457 0.543 1
d Deciding on: -15 with sign 0 5.125
Debug: the total model count for 15 decision is 0.543 0.457 1
Debug: the total model count for 15 decision is 0.543 0.457 1
Debug: the total model count for 16 decision is 0.457 0.543 1
Debug: the total model count for 16 decision is 0.457 0.543 1
Debug: the total model count for 13 decision is 0.543 0.457 1
Debug: the total model count for 13 decision is 0.543 0.457 1
d Deciding on: 16 with sign 1 7.375
d Deciding on: -13 with sign 0 6.375
Debug: the total model count for 13 decision is 0.543 0.457 1
Debug: the total model count for 13 decision is 0.543 0.457 1
d Deciding on: 15 with sign 1 6.375
d Deciding on: 13 with sign 1 5.375
Debug: the total model count for 13 decision is 0.457 0.543 1
Debug: the total model count for 13 decision is 0.457 0.543 1
Debug: the total model count for 15 decision is 0.457 0.543 1
Debug: the total model count for 15 decision is 0.457 0.543 1
Debug: the total model count for 16 decision is 0.457 0.543 1
Debug: the total model count for 16 decision is 0.457 0.543 1
Debug: the total model count for 14 decision is 0.457 0.543 1
Debug: the total model count for 14 decision is 0.457 0.543 1
d Deciding on: -13 with sign 0 8.375
d Deciding on: 16 with sign 1 5.125
d Deciding on: 15 with sign 1 5.125
Debug: the total model count for 15 decision is 0.457 0.543 1
Debug: the total model count for 15 decision is 0.457 0.543 1
Debug: the total model count for 16 decision is 0.457 0.543 1
Debug: the total model count for 16 decision is 0.457 0.543 1
d Deciding on: -15 with sign 0 5.125
Debug: the total model count for 15 decision is 0.543 0.457 1
Debug: the total model count for 15 decision is 0.543 0.457 1
Debug: the total model count for 13 decision is 0.543 0.457 1
Debug: the total model count for 13 decision is 0.543 0.457 1
Debug: the total model count for 12 decision is 0.543 0.248151 0.791151
Debug: the total model count for 12 decision is 0.543 0.248151 0.791151
Debug: the total model count for 32 decision is 0.457 0.791151 1.24815
Debug: the total model count for 32 decision is 0.457 0.791151 1.24815
Debug: the total model count for 34 decision is 0.474961 1.24815 1.72311
Debug: the total model count for 34 decision is 0.474961 1.24815 1.72311
Debug: the total model count for 36 decision is 0.517643 1.24815 1.76579
Debug: the total model count for 36 decision is 0.517643 1.24815 1.76579
Debug: the total model count for 39 decision is 0.791151 1.24815 2.0393
Debug: the total model count for 39 decision is 0.791151 1.24815 2.0393
d Deciding on: -39 with sign 0 73.75
d Deciding on: -12 with sign 0 29.75
Debug: the total model count for 12 decision is 0.248151 0.457 0.705151
Debug: the total model count for 12 decision is 0.248151 0.457 0.705151
d Deciding on: -36 with sign 0 67.25
d Deciding on: -34 with sign 0 60.75
d Deciding on: -14 with sign 0 42
d Deciding on: -12 with sign 0 29.75
Debug: the total model count for 12 decision is 0.543 0.457 1
Debug: the total model count for 12 decision is 0.543 0.457 1
d Deciding on: -12 with sign 0 31.75
Debug: the total model count for 12 decision is 0.248151 0.248151 0.496302
Debug: the total model count for 12 decision is 0.248151 0.248151 0.496302
Debug: the total model count for 14 decision is 0.248151 0.22681 0.474961
Debug: the total model count for 14 decision is 0.248151 0.22681 0.474961
d Deciding on: -32 with sign 0 56.25
d Deciding on: -14 with sign 0 42
d Deciding on: -12 with sign 0 30.75
d Deciding on: -13 with sign 0 7.375
Debug: the total model count for 13 decision is 0.543 0.457 1
Debug: the total model count for 13 decision is 0.543 0.457 1
d Deciding on: -13 with sign 0 6.375
Debug: the total model count for 13 decision is 0.543 0.457 1
Debug: the total model count for 13 decision is 0.543 0.457 1
Debug: the total model count for 12 decision is 0.543 0.457 1
Debug: the total model count for 12 decision is 0.543 0.457 1
d Deciding on: -12 with sign 0 31.75
d Deciding on: -13 with sign 0 7.375
Debug: the total model count for 13 decision is 0.543 0.457 1
Debug: the total model count for 13 decision is 0.543 0.457 1
d Deciding on: -13 with sign 0 6.375
Debug: the total model count for 13 decision is 0.543 0.457 1
Debug: the total model count for 13 decision is 0.543 0.457 1
Debug: the total model count for 12 decision is 0.543 0.457 1
Debug: the total model count for 12 decision is 0.543 0.457 1
Debug: the total model count for 14 decision is 0.543 0.457 1
Debug: the total model count for 14 decision is 0.543 0.457 1
d Deciding on: -14 with sign 0 45
d Deciding on: -12 with sign 0 31.75
d Deciding on: 13 with sign 1 8.375
d Deciding on: -16 with sign 0 6.125
Debug: the total model count for 16 decision is 0.543 0.457 1
Debug: the total model count for 16 decision is 0.543 0.457 1
d Deciding on: 16 with sign 1 6.125
Debug: the total model count for 16 decision is 0.457 0.543 1
Debug: the total model count for 16 decision is 0.457 0.543 1
Debug: the total model count for 13 decision is 0.457 0.543 1
Debug: the total model count for 13 decision is 0.457 0.543 1
d Deciding on: 13 with sign 1 7.375
Debug: the total model count for 13 decision is 0.457 0.543 1
Debug: the total model count for 13 decision is 0.457 0.543 1
Debug: the total model count for 12 decision is 0.543 0.457 1
Debug: the total model count for 12 decision is 0.543 0.457 1
d Deciding on: 13 with sign 1 7.375
d Deciding on: 16 with sign 1 5.125
Debug: the total model count for 16 decision is 0.457 0.543 1
Debug: the total model count for 16 decision is 0.457 0.543 1
d Deciding on: 15 with sign 1 5.125
Debug: the total model count for 15 decision is 0.457 0.543 1
Debug: the total model count for 15 decision is 0.457 0.543 1
Debug: the total model count for 13 decision is 0.457 0.543 1
Debug: the total model count for 13 decision is 0.457 0.543 1
Debug: the total model count for 14 decision is 0.543 0.208849 0.751849
Debug: the total model count for 14 decision is 0.543 0.208849 0.751849
Debug: the total model count for 32 decision is 0.457 0.751849 1.20885
Debug: the total model count for 32 decision is 0.457 0.751849 1.20885
Debug: the total model count for 34 decision is 0.474961 1.20885 1.68381
Debug: the total model count for 34 decision is 0.474961 1.20885 1.68381
Debug: the total model count for 36 decision is 0.517643 1.20885 1.72649
Debug: the total model count for 36 decision is 0.517643 1.20885 1.72649
Debug: the total model count for 39 decision is 0.705151 1.20885 1.914
Debug: the total model count for 39 decision is 0.705151 1.20885 1.914
Debug: the total model count for 9 decision is 0.115988 0.0153185 0.131307
Debug: the total model count for 9 decision is 0.115988 0.0153185 0.131307
d Deciding on: -36 with sign 0 75.75
d Deciding on: -39 with sign 0 63.75
d Deciding on: -9 with sign 0 61.5
Debug: the total model count for 9 decision is 0.0735201 0.00893567 0.0824558
Debug: the total model count for 9 decision is 0.0735201 0.00893567 0.0824558
d Deciding on: 9 with sign 1 61.5
Debug: the total model count for 9 decision is 0.00655957 0.0481035 0.0546631
Debug: the total model count for 9 decision is 0.00655957 0.0481035 0.0546631
Debug: the total model count for 39 decision is 0.0824558 0.0546631 0.137119
Debug: the total model count for 39 decision is 0.0824558 0.0546631 0.137119
d Deciding on: -39 with sign 0 74.75
d Deciding on: -34 with sign 0 65.5
d Deciding on: 9 with sign 1 61.5
Debug: the total model count for 9 decision is 0.00601871 0.0441372 0.0501559
Debug: the total model count for 9 decision is 0.00601871 0.0441372 0.0501559
d Deciding on: -9 with sign 0 65.5
Debug: the total model count for 9 decision is 0.115988 0.0153185 0.131307
Debug: the total model count for 9 decision is 0.115988 0.0153185 0.131307
Debug: the total model count for 34 decision is 0.0501559 0.131307 0.181463
Debug: the total model count for 34 decision is 0.0501559 0.131307 0.181463
Debug: the total model count for 39 decision is 0.0824558 0.131307 0.213762
Debug: the total model count for 39 decision is 0.0824558 0.131307 0.213762
Debug: the total model count for 36 decision is 0.0824558 0.131307 0.213762
Debug: the total model count for 36 decision is 0.0824558 0.131307 0.213762
Debug: the total model count for 43 decision is 0.131307 0.131307 0.262613
Debug: the total model count for 43 decision is 0.131307 0.131307 0.262613
d Deciding on: -39 with sign 0 81.5
d Deciding on: -49 with sign 0 81.5
d Deciding on: -43 with sign 0 65.375
d Deciding on: -9 with sign 0 61.5
d Deciding on: 25 with sign 1 52.75
d Deciding on: 24 with sign 1 42.625
d Deciding on: -12 with sign 0 32.75
d Deciding on: -50 with sign 0 27.75
Debug: the total model count for 50 decision is 0.169522 0 0.169522
Debug: the total model count for 50 decision is 0.169522 0 0.169522
d Deciding on: -50 with sign 0 87.75
Debug: the total model count for 50 decision is 0.168259 0 0.168259
Debug: the total model count for 50 decision is 0.168259 0 0.168259
Debug: the total model count for 12 decision is 0.0920502 0.0768945 0.168945
Debug: the total model count for 12 decision is 0.0920502 0.0768945 0.168945
d Deciding on: -50 with sign 0 147.75
Debug: the total model count for 50 decision is 0.702217 0.612667 1.31488
Debug: the total model count for 50 decision is 0.702217 0.612667 1.31488
Debug: the total model count for 24 decision is 0.0772077 0.381304 0.458511
Debug: the total model count for 24 decision is 0.0772077 0.381304 0.458511
d Deciding on: -50 with sign 0 147.75
d Deciding on: 24 with sign 1 62.625
Debug: the total model count for 24 decision is 0.320913 0.418902 0.739815
Debug: the total model count for 24 decision is 0.320913 0.418902 0.739815
Debug: the total model count for 50 decision is 0.418902 0.612667 1.03157
Debug: the total model count for 50 decision is 0.418902 0.612667 1.03157
Debug: the total model count for 25 decision is 0.174256 0.332678 0.506934
Debug: the total model count for 25 decision is 0.174256 0.332678 0.506934
d Deciding on: -50 with sign 0 147.75
Debug: the total model count for 50 decision is 0.227464 0.00464046 0.232104
Debug: the total model count for 50 decision is 0.227464 0.00464046 0.232104
Debug: the total model count for 9 decision is 0.0399214 0.200168 0.240089
Debug: the total model count for 9 decision is 0.0399214 0.200168 0.240089
d Deciding on: -50 with sign 0 149.75
d Deciding on: 25 with sign 1 79.5
d Deciding on: 9 with sign 1 79.5
Debug: the total model count for 9 decision is 0.00893567 0.0399214 0.0488571
Debug: the total model count for 9 decision is 0.00893567 0.0399214 0.0488571
d Deciding on: 9 with sign 1 79.5
Debug: the total model count for 9 decision is 0.0040836 0.0735201 0.0776037
Debug: the total model count for 9 decision is 0.0040836 0.0735201 0.0776037
Debug: the total model count for 25 decision is 0.0223277 0.0421388 0.0644665
Debug: the total model count for 25 decision is 0.0223277 0.0421388 0.0644665
d Deciding on: 9 with sign 1 81.5
Debug: the total model count for 9 decision is 0.0040836 0.0399214 0.044005
Debug: the total model count for 9 decision is 0.0040836 0.0399214 0.044005
Debug: the total model count for 50 decision is 0.0421388 0.044005 0.0861438
Debug: the total model count for 50 decision is 0.0421388 0.044005 0.0861438
Debug: the total model count for 43 decision is 0.240089 0.044005 0.284094
Debug: the total model count for 43 decision is 0.240089 0.044005 0.284094
d Deciding on: -50 with sign 0 149.75
d Deciding on: -25 with sign 0 81.5
d Deciding on: 9 with sign 1 81.5
d Deciding on: -43 with sign 0 64.375
Debug: the total model count for 43 decision is 0.781612 0.0101542 0.791766
Debug: the total model count for 43 decision is 0.781612 0.0101542 0.791766
d Deciding on: -43 with sign 0 65.625
d Deciding on: -24 with sign 0 65.625
Debug: the total model count for 24 decision is 0.424415 0.357197 0.781612
Debug: the total model count for 24 decision is 0.424415 0.357197 0.781612
d Deciding on: -47 with sign 0 91.875
Debug: the total model count for 47 decision is 0.543 0.457 1
Debug: the total model count for 47 decision is 0.543 0.457 1
Debug: the total model count for 43 decision is 0.424415 0.332678 0.757094
Debug: the total model count for 43 decision is 0.424415 0.332678 0.757094
Debug: the total model count for 9 decision is 0.314333 0.0509298 0.365263
Debug: the total model count for 9 decision is 0.314333 0.0509298 0.365263
d Deciding on: 24 with sign 1 88.875
d Deciding on: -43 with sign 0 64.375
Debug: the total model count for 43 decision is 0.781612 0.0101542 0.791766
Debug: the total model count for 43 decision is 0.781612 0.0101542 0.791766
d Deciding on: -47 with sign 0 87.875
d Deciding on: -43 with sign 0 64.375
Debug: the total model count for 43 decision is 0.781612 0.612667 1.39428
Debug: the total model count for 43 decision is 0.781612 0.612667 1.39428
d Deciding on: -9 with sign 0 80.5
d Deciding on: -43 with sign 0 64.375
Debug: the total model count for 43 decision is 0.781612 0.0101542 0.791766
Debug: the total model count for 43 decision is 0.781612 0.0101542 0.791766
Debug: the total model count for 9 decision is 0.0937934 0.687819 0.781612
Debug: the total model count for 9 decision is 0.0937934 0.687819 0.781612
Debug: the total model count for 47 decision is 0.0937934 0.781612 0.875405
Debug: the total model count for 47 decision is 0.0937934 0.781612 0.875405
Debug: the total model count for 24 decision is 0.314333 0.424415 0.738748
Debug: the total model count for 24 decision is 0.314333 0.424415 0.738748
Debug: the total model count for 25 decision is 0.198338 0.193958 0.392296
Debug: the total model count for 25 decision is 0.198338 0.193958 0.392296
d Deciding on: 25 with sign 1 117.75
d Deciding on: 24 with sign 1 88.875
d Deciding on: -43 with sign 0 62.375
Debug: the total model count for 43 decision is 1 1 2
Debug: the total model count for 43 decision is 1 1 2
d Deciding on: 9 with sign 1 87.875
d Deciding on: -47 with sign 0 87.875
Debug: the total model count for 47 decision is 1 1 2
Debug: the total model count for 47 decision is 1 1 2
d Deciding on: -43 with sign 0 62.375
Debug: the total model count for 43 decision is 1 1 2
Debug: the total model count for 43 decision is 1 1 2
Debug: the total model count for 9 decision is 0.00893567 0.0735201 0.0824558
Debug: the total model count for 9 decision is 0.00893567 0.0735201 0.0824558
Debug: the total model count for 24 decision is 0.0040836 0.0447735 0.0488571
Debug: the total model count for 24 decision is 0.0040836 0.0447735 0.0488571
d Deciding on: -9 with sign 0 91.875
Debug: the total model count for 9 decision is 0.0399214 0.0040836 0.044005
Debug: the total model count for 9 decision is 0.0399214 0.0040836 0.044005
Debug: the total model count for 25 decision is 0.0204615 0.0238947 0.0443562
Debug: the total model count for 25 decision is 0.0204615 0.0238947 0.0443562
Debug: the total model count for 50 decision is 0.198338 0.0238947 0.222232
Debug: the total model count for 50 decision is 0.198338 0.0238947 0.222232
Debug: the total model count for 49 decision is 0.240089 0.198338 0.438427
Debug: the total model count for 49 decision is 0.240089 0.198338 0.438427
d Deciding on: -50 with sign 0 149.75
d Deciding on: -49 with sign 0 121.5
d Deciding on: 25 with sign 1 112.75
d Deciding on: -9 with sign 0 83.5
d Deciding on: 24 with sign 1 82.625
d Deciding on: -43 with sign 0 67.25
d Deciding on: -36 with sign 0 67.25
d Deciding on: -34 with sign 0 60.75
d Deciding on: 10 with sign 1 52.5
d Deciding on: -14 with sign 0 42
d Deciding on: -12 with sign 0 15.375
Debug: the total model count for 12 decision is 0.543 0.457 1
Debug: the total model count for 12 decision is 0.543 0.457 1
d Deciding on: -12 with sign 0 17.375
Debug: the total model count for 12 decision is 0.248151 0.248151 0.496302
Debug: the total model count for 12 decision is 0.248151 0.248151 0.496302
Debug: the total model count for 14 decision is 0.248151 0.22681 0.474961
Debug: the total model count for 14 decision is 0.248151 0.22681 0.474961
d Deciding on: -11 with sign 0 25.75
Debug: the total model count for 11 decision is 0.0569953 0.417966 0.474961
Debug: the total model count for 11 decision is 0.0569953 0.417966 0.474961
Debug: the total model count for 10 decision is 0.0501559 0.0569953 0.107151
Debug: the total model count for 10 decision is 0.0501559 0.0569953 0.107151
d Deciding on: -11 with sign 0 30.625
d Deciding on: -32 with sign 0 30.625
d Deciding on: 10 with sign 1 25.75
d Deciding on: -14 with sign 0 22
d Deciding on: -12 with sign 0 16.375
d Deciding on: -13 with sign 0 5.1875
Debug: the total model count for 13 decision is 0.543 0.457 1
Debug: the total model count for 13 decision is 0.543 0.457 1
Debug: the total model count for 12 decision is 0.543 0.457 1
Debug: the total model count for 12 decision is 0.543 0.457 1
d Deciding on: -12 with sign 0 17.375
d Deciding on: 13 with sign 1 5.1875
Debug: the total model count for 13 decision is 0.457 0.543 1
Debug: the total model count for 13 decision is 0.457 0.543 1
Debug: the total model count for 12 decision is 0.543 0.457 1
Debug: the total model count for 12 decision is 0.543 0.457 1
Debug: the total model count for 14 decision is 0.543 0.457 1
Debug: the total model count for 14 decision is 0.543 0.457 1
Debug: the total model count for 10 decision is 0.88 0.12 1
Debug: the total model count for 10 decision is 0.88 0.12 1
d Deciding on: -10 with sign 0 25.75
d Deciding on: -14 with sign 0 25
d Deciding on: -12 with sign 0 17.375
Debug: the total model count for 12 decision is 0.543 0.457 1
Debug: the total model count for 12 decision is 0.543 0.457 1
d Deciding on: 13 with sign 1 6.1875
Debug: the total model count for 13 decision is 0.457 0.543 1
Debug: the total model count for 13 decision is 0.457 0.543 1
Debug: the total model count for 14 decision is 0.543 0.248151 0.791151
Debug: the total model count for 14 decision is 0.543 0.248151 0.791151
d Deciding on: -14 with sign 0 25
d Deciding on: -12 with sign 0 17.375
d Deciding on: 13 with sign 1 6.1875
Debug: the total model count for 13 decision is 0.457 0.543 1
Debug: the total model count for 13 decision is 0.457 0.543 1
Debug: the total model count for 12 decision is 0.543 0.457 1
Debug: the total model count for 12 decision is 0.543 0.457 1
Debug: the total model count for 14 decision is 0.543 0.248151 0.791151
Debug: the total model count for 14 decision is 0.543 0.248151 0.791151
Debug: the total model count for 10 decision is 0.0949381 0.696213 0.791151
Debug: the total model count for 10 decision is 0.0949381 0.696213 0.791151
Debug: the total model count for 32 decision is 0.457 0.791151 1.24815
Debug: the total model count for 32 decision is 0.457 0.791151 1.24815
d Deciding on: -32 with sign 0 30.625
d Deciding on: -14 with sign 0 22
d Deciding on: -12 with sign 0 16.375
d Deciding on: -13 with sign 0 5.1875
Debug: the total model count for 13 decision is 0.543 0.457 1
Debug: the total model count for 13 decision is 0.543 0.457 1
Debug: the total model count for 12 decision is 0.543 0.457 1
Debug: the total model count for 12 decision is 0.543 0.457 1
d Deciding on: -12 with sign 0 17.375
d Deciding on: -13 with sign 0 5.1875
Debug: the total model count for 13 decision is 0.543 0.457 1
Debug: the total model count for 13 decision is 0.543 0.457 1
Debug: the total model count for 12 decision is 0.543 0.457 1
Debug: the total model count for 12 decision is 0.543 0.457 1
Debug: the total model count for 14 decision is 0.543 0.457 1
Debug: the total model count for 14 decision is 0.543 0.457 1
d Deciding on: -14 with sign 0 25
d Deciding on: -12 with sign 0 17.375
d Deciding on: 13 with sign 1 6.1875
Debug: the total model count for 13 decision is 0.457 0.543 1
Debug: the total model count for 13 decision is 0.457 0.543 1
Debug: the total model count for 12 decision is 0.543 0.457 1
Debug: the total model count for 12 decision is 0.543 0.457 1
d Deciding on: 13 with sign 1 6.1875
Debug: the total model count for 13 decision is 0.457 0.543 1
Debug: the total model count for 13 decision is 0.457 0.543 1
Debug: the total model count for 14 decision is 0.543 0.248151 0.791151
Debug: the total model count for 14 decision is 0.543 0.248151 0.791151
Debug: the total model count for 32 decision is 0.457 0.791151 1.24815
Debug: the total model count for 32 decision is 0.457 0.791151 1.24815
Debug: the total model count for 11 decision is 0.149778 0.131805 0.281583
Debug: the total model count for 11 decision is 0.149778 0.131805 0.281583
Debug: the total model count for 34 decision is 0.107151 0.281583 0.388734
Debug: the total model count for 34 decision is 0.107151 0.281583 0.388734
Debug: the total model count for 36 decision is 0.11678 0.281583 0.398363
Debug: the total model count for 36 decision is 0.11678 0.281583 0.398363
Debug: the total model count for 43 decision is 0.281583 0 0.281583
Debug: the total model count for 43 decision is 0.281583 0 0.281583
d Deciding on: -43 with sign 0 77.1875
d Deciding on: -10 with sign 0 48.75
d Deciding on: -36 with sign 0 39.125
d Deciding on: -34 with sign 0 33.875
d Deciding on: -32 with sign 0 30.625
Debug: the total model count for 32 decision is 0.457 0.791151 1.24815
Debug: the total model count for 32 decision is 0.457 0.791151 1.24815
Debug: the total model count for 34 decision is 0.474961 1.24815 1.72311
Debug: the total model count for 34 decision is 0.474961 1.24815 1.72311
Debug: the total model count for 36 decision is 0.517643 1.24815 1.76579
Debug: the total model count for 36 decision is 0.517643 1.24815 1.76579
d Deciding on: -11 with sign 0 45.75
d Deciding on: -36 with sign 0 39.125
d Deciding on: -34 with sign 0 33.875
d Deciding on: -32 with sign 0 30.625
Debug: the total model count for 32 decision is 0.457 0.791151 1.24815
Debug: the total model count for 32 decision is 0.457 0.791151 1.24815
Debug: the total model count for 34 decision is 0.474961 1.24815 1.72311
Debug: the total model count for 34 decision is 0.474961 1.24815 1.72311
Debug: the total model count for 36 decision is 0.517643 1.24815 1.76579
Debug: the total model count for 36 decision is 0.517643 1.24815 1.76579
Debug: the total model count for 11 decision is 0.149778 1.09837 1.24815
Debug: the total model count for 11 decision is 0.149778 1.09837 1.24815
Debug: the total model count for 10 decision is 0.0179734 1.09837 1.11635
Debug: the total model count for 10 decision is 0.0179734 1.09837 1.11635
Debug: the total model count for 43 decision is 1.11635 0.966568 2.08291
Debug: the total model count for 43 decision is 1.11635 0.966568 2.08291
Debug: the total model count for 24 decision is 0.128683 0.606176 0.734859
Debug: the total model count for 24 decision is 0.128683 0.606176 0.734859
d Deciding on: -43 with sign 0 77.1875
d Deciding on: -11 with sign 0 52.3125
d Deciding on: 10 with sign 1 45.75
d Deciding on: -36 with sign 0 39.125
d Deciding on: -34 with sign 0 33.875
d Deciding on: -32 with sign 0 30.625
d Deciding on: -14 with sign 0 25
d Deciding on: -12 with sign 0 17.375
Debug: the total model count for 12 decision is 0.543 0.457 1
Debug: the total model count for 12 decision is 0.543 0.457 1
d Deciding on: 13 with sign 1 6.1875
Debug: the total model count for 13 decision is 0.457 0.543 1
Debug: the total model count for 13 decision is 0.457 0.543 1
Debug: the total model count for 14 decision is 0.543 0.208849 0.751849
Debug: the total model count for 14 decision is 0.543 0.208849 0.751849
Debug: the total model count for 32 decision is 0.457 0.751849 1.20885
Debug: the total model count for 32 decision is 0.457 0.751849 1.20885
Debug: the total model count for 34 decision is 0.474961 1.20885 1.68381
Debug: the total model count for 34 decision is 0.474961 1.20885 1.68381
Debug: the total model count for 36 decision is 0.517643 1.20885 1.72649
Debug: the total model count for 36 decision is 0.517643 1.20885 1.72649
Debug: the total model count for 10 decision is 1.06379 0.145062 1.20885
Debug: the total model count for 10 decision is 1.06379 0.145062 1.20885
d Deciding on: 24 with sign 1 52.3125
d Deciding on: -36 with sign 0 39.125
d Deciding on: -34 with sign 0 33.875
d Deciding on: -32 with sign 0 30.625
d Deciding on: -14 with sign 0 25
d Deciding on: -12 with sign 0 17.375
Debug: the total model count for 12 decision is 0.543 0.457 1
Debug: the total model count for 12 decision is 0.543 0.457 1
Debug: the total model count for 14 decision is 0.543 0.208849 0.751849
Debug: the total model count for 14 decision is 0.543 0.208849 0.751849
Debug: the total model count for 32 decision is 0.457 0.751849 1.20885
Debug: the total model count for 32 decision is 0.457 0.751849 1.20885
Debug: the total model count for 34 decision is 0.474961 1.20885 1.68381
Debug: the total model count for 34 decision is 0.474961 1.20885 1.68381
Debug: the total model count for 36 decision is 0.517643 1.20885 1.72649
Debug: the total model count for 36 decision is 0.517643 1.20885 1.72649
d Deciding on: -36 with sign 0 39.125
d Deciding on: -34 with sign 0 33.875
d Deciding on: -32 with sign 0 30.625
d Deciding on: -14 with sign 0 25
d Deciding on: -12 with sign 0 17.375
Debug: the total model count for 12 decision is 0.543 0.457 1
Debug: the total model count for 12 decision is 0.543 0.457 1
d Deciding on: -13 with sign 0 6.1875
Debug: the total model count for 13 decision is 0.543 0.457 1
Debug: the total model count for 13 decision is 0.543 0.457 1
Debug: the total model count for 14 decision is 0.543 0.208849 0.751849
Debug: the total model count for 14 decision is 0.543 0.208849 0.751849
Debug: the total model count for 32 decision is 0.457 0.751849 1.20885
Debug: the total model count for 32 decision is 0.457 0.751849 1.20885
Debug: the total model count for 34 decision is 0.474961 1.20885 1.68381
Debug: the total model count for 34 decision is 0.474961 1.20885 1.68381
Debug: the total model count for 36 decision is 0.517643 1.20885 1.72649
Debug: the total model count for 36 decision is 0.517643 1.20885 1.72649
Debug: the total model count for 24 decision is 0.0662933 0.577636 0.64393
Debug: the total model count for 24 decision is 0.0662933 0.577636 0.64393
Debug: the total model count for 11 decision is 0.145062 0.50832 0.653382
Debug: the total model count for 11 decision is 0.145062 0.50832 0.653382
Debug: the total model count for 43 decision is 0.653382 0.0174074 0.670789
Debug: the total model count for 43 decision is 0.653382 0.0174074 0.670789
Debug: the total model count for 9 decision is 0.0727411 0.574976 0.647717
Debug: the total model count for 9 decision is 0.0727411 0.574976 0.647717
d Deciding on: -43 with sign 0 78.1875
d Deciding on: -10 with sign 0 52.75
d Deciding on: 9 with sign 1 52.75
d Deciding on: -11 with sign 0 51.3125
Debug: the total model count for 11 decision is 0.0662933 1.06379 1.13008
Debug: the total model count for 11 decision is 0.0662933 1.06379 1.13008
d Deciding on: 24 with sign 1 51.3125
d Deciding on: 11 with sign 1 45.75
d Deciding on: -36 with sign 0 39.125
d Deciding on: -34 with sign 0 33.875
Debug: the total model count for 34 decision is 0.474961 1.24815 1.72311
Debug: the total model count for 34 decision is 0.474961 1.24815 1.72311
Debug: the total model count for 36 decision is 0.517643 1.24815 1.76579
Debug: the total model count for 36 decision is 0.517643 1.24815 1.76579
Debug: the total model count for 11 decision is 1.09837 0.149778 1.24815
Debug: the total model count for 11 decision is 1.09837 0.149778 1.24815
Debug: the total model count for 24 decision is 0.570405 0.596416 1.16682
Debug: the total model count for 24 decision is 0.570405 0.596416 1.16682
Debug: the total model count for 9 decision is 0.994471 0.07157 1.06604
Debug: the total model count for 9 decision is 0.994471 0.07157 1.06604
d Deciding on: 9 with sign 1 52.75
d Deciding on: -24 with sign 0 51.3125
d Deciding on: -11 with sign 0 45.75
Debug: the total model count for 11 decision is 0.145062 1.06379 1.20885
Debug: the total model count for 11 decision is 0.145062 1.06379 1.20885
Debug: the total model count for 24 decision is 0.656405 0.486151 1.14256
Debug: the total model count for 24 decision is 0.656405 0.486151 1.14256
d Deciding on: -11 with sign 0 51.3125
Debug: the total model count for 11 decision is 0.0813295 1.09837 1.1797
Debug: the total model count for 11 decision is 0.0813295 1.09837 1.1797
Debug: the total model count for 9 decision is 0.577636 0.141564 0.719201
Debug: the total model count for 9 decision is 0.577636 0.141564 0.719201
Debug: the total model count for 10 decision is 0.127925 0.632897 0.760821
Debug: the total model count for 10 decision is 0.127925 0.632897 0.760821
d Deciding on: 17 with sign 1 54.75
Debug: the total model count for 17 decision is 0.115988 0.00700057 0.122989
Debug: the total model count for 17 decision is 0.115988 0.00700057 0.122989
Debug: the total model count for 43 decision is 0.760821 0.122989 0.88381
Debug: the total model count for 43 decision is 0.760821 0.122989 0.88381
Debug: the total model count for 25 decision is 0.296007 0.413126 0.709133
Debug: the total model count for 25 decision is 0.296007 0.413126 0.709133
d Deciding on: -43 with sign 0 78.1875
d Deciding on: -25 with sign 0 73.375
d Deciding on: -24 with sign 0 56.3125
d Deciding on: 11 with sign 1 48.75
d Deciding on: -10 with sign 0 45.75
Debug: the total model count for 10 decision is 0.149778 1.09837 1.24815
Debug: the total model count for 10 decision is 0.149778 1.09837 1.24815
d Deciding on: -10 with sign 0 46.75
Debug: the total model count for 10 decision is 0.149778 1.09837 1.24815
Debug: the total model count for 10 decision is 0.149778 1.09837 1.24815
Debug: the total model count for 11 decision is 1.09837 0.149778 1.24815
Debug: the total model count for 11 decision is 1.09837 0.149778 1.24815
d Deciding on: -10 with sign 0 53.75
d Deciding on: 9 with sign 1 53.75
d Deciding on: 11 with sign 1 45.75
Debug: the total model count for 11 decision is 1.06379 0.145062 1.20885
Debug: the total model count for 11 decision is 1.06379 0.145062 1.20885
Debug: the total model count for 9 decision is 1.06379 0.149778 1.21357
Debug: the total model count for 9 decision is 1.06379 0.149778 1.21357
d Deciding on: 9 with sign 1 53.75
d Deciding on: -11 with sign 0 46.75
Debug: the total model count for 11 decision is 0.145062 1.06379 1.20885
Debug: the total model count for 11 decision is 0.145062 1.06379 1.20885
d Deciding on: 11 with sign 1 46.75
Debug: the total model count for 11 decision is 1.09837 0.149778 1.24815
Debug: the total model count for 11 decision is 1.09837 0.149778 1.24815
Debug: the total model count for 9 decision is 1.06379 0.149778 1.21357
Debug: the total model count for 9 decision is 1.06379 0.149778 1.21357
Debug: the total model count for 10 decision is 0.145628 1.06794 1.21357
Debug: the total model count for 10 decision is 0.145628 1.06794 1.21357
Debug: the total model count for 24 decision is 0.0813295 0.554599 0.635929
Debug: the total model count for 24 decision is 0.0813295 0.554599 0.635929
d Deciding on: 9 with sign 1 55.3125
d Deciding on: -10 with sign 0 54.3125
d Deciding on: 24 with sign 1 53.3125
d Deciding on: -11 with sign 0 46.75
Debug: the total model count for 11 decision is 0.145062 1.06379 1.20885
Debug: the total model count for 11 decision is 0.145062 1.06379 1.20885
Debug: the total model count for 24 decision is 0.552444 0.656405 1.20885
Debug: the total model count for 24 decision is 0.552444 0.656405 1.20885
d Deciding on: -24 with sign 0 53.3125
d Deciding on: -11 with sign 0 46.75
Debug: the total model count for 11 decision is 0.145062 1.06379 1.20885
Debug: the total model count for 11 decision is 0.145062 1.06379 1.20885
Debug: the total model count for 24 decision is 0.656405 0.552444 1.20885
Debug: the total model count for 24 decision is 0.656405 0.552444 1.20885
Debug: the total model count for 10 decision is 0.0787686 0.577636 0.656405
Debug: the total model count for 10 decision is 0.0787686 0.577636 0.656405
d Deciding on: -11 with sign 0 48.75
d Deciding on: 10 with sign 1 45.75
Debug: the total model count for 10 decision is 1.09837 0.149778 1.24815
Debug: the total model count for 10 decision is 1.09837 0.149778 1.24815
d Deciding on: -10 with sign 0 46.75
Debug: the total model count for 10 decision is 0.149778 1.09837 1.24815
Debug: the total model count for 10 decision is 0.149778 1.09837 1.24815
Debug: the total model count for 11 decision is 0.149778 1.09837 1.24815
Debug: the total model count for 11 decision is 0.149778 1.09837 1.24815
Debug: the total model count for 9 decision is 0.577636 0.0813295 0.658966
Debug: the total model count for 9 decision is 0.577636 0.0813295 0.658966
Debug: the total model count for 25 decision is 0.301147 0.301147 0.602295
Debug: the total model count for 25 decision is 0.301147 0.301147 0.602295
d Deciding on: -24 with sign 0 93.375
d Deciding on: 25 with sign 1 90.375
d Deciding on: 9 with sign 1 75.75
Debug: the total model count for 9 decision is 0.0153185 0.115988 0.131307
Debug: the total model count for 9 decision is 0.0153185 0.115988 0.131307
Debug: the total model count for 25 decision is 0.0600072 0.0629816 0.122989
Debug: the total model count for 25 decision is 0.0600072 0.0629816 0.122989
d Deciding on: 25 with sign 1 89.375
d Deciding on: 9 with sign 1 75.75
Debug: the total model count for 9 decision is 0.0153185 0.115988 0.131307
Debug: the total model count for 9 decision is 0.0153185 0.115988 0.131307
Debug: the total model count for 25 decision is 0.00700057 0.0712995 0.0783001
Debug: the total model count for 25 decision is 0.00700057 0.0712995 0.0783001
Debug: the total model count for 24 decision is 0.034199 0.0325839 0.0667829
Debug: the total model count for 24 decision is 0.034199 0.0325839 0.0667829
Debug: the total model count for 43 decision is 0.301147 0.034199 0.335346
Debug: the total model count for 43 decision is 0.301147 0.034199 0.335346
Debug: the total model count for 49 decision is 0.413126 0.301147 0.714274
Debug: the total model count for 49 decision is 0.413126 0.301147 0.714274
d Deciding on: -49 with sign 0 105.25
d Deciding on: -24 with sign 0 88.375
d Deciding on: 25 with sign 1 86.375
d Deciding on: 9 with sign 1 78.1875
Debug: the total model count for 9 decision is 0.0153185 0.115988 0.131307
Debug: the total model count for 9 decision is 0.0153185 0.115988 0.131307
Debug: the total model count for 25 decision is 0.0600072 0.0629816 0.122989
Debug: the total model count for 25 decision is 0.0600072 0.0629816 0.122989
d Deciding on: 25 with sign 1 106.375
d Deciding on: 11 with sign 1 112.75
Debug: the total model count for 11 decision is 0.115988 0.0153185 0.131307
Debug: the total model count for 11 decision is 0.115988 0.0153185 0.131307
Debug: the total model count for 25 decision is 0.00700057 0.0712995 0.0783001
Debug: the total model count for 25 decision is 0.00700057 0.0712995 0.0783001
Debug: the total model count for 24 decision is 0.034199 0.0325839 0.0667829
Debug: the total model count for 24 decision is 0.034199 0.0325839 0.0667829
d Deciding on: 25 with sign 1 133.375
d Deciding on: 24 with sign 1 125.312
d Deciding on: -11 with sign 0 112.75
Debug: the total model count for 11 decision is 0.0153185 0.115988 0.131307
Debug: the total model count for 11 decision is 0.0153185 0.115988 0.131307
Debug: the total model count for 24 decision is 0.00700057 0.0712995 0.0783001
Debug: the total model count for 24 decision is 0.00700057 0.0712995 0.0783001
d Deciding on: -24 with sign 0 126.312
d Deciding on: 11 with sign 1 112.75
Debug: the total model count for 11 decision is 0.115988 0.0153185 0.131307
Debug: the total model count for 11 decision is 0.115988 0.0153185 0.131307
Debug: the total model count for 24 decision is 0.0629816 0.0600072 0.122989
Debug: the total model count for 24 decision is 0.0629816 0.0600072 0.122989
Debug: the total model count for 25 decision is 0.0325839 0.034199 0.0667829
Debug: the total model count for 25 decision is 0.0325839 0.034199 0.0667829
Debug: the total model count for 49 decision is 0.034199 0.034199 0.068398
Debug: the total model count for 49 decision is 0.034199 0.034199 0.068398
Debug: the total model count for 50 decision is 0.413126 0.034199 0.447325
Debug: the total model count for 50 decision is 0.413126 0.034199 0.447325
Debug: the total model count for 39 decision is 0.240089 0.413126 0.653215
Debug: the total model count for 39 decision is 0.240089 0.413126 0.653215
Debug: the total model count for 51 decision is 0.131307 0.413126 0.544433
Debug: the total model count for 51 decision is 0.131307 0.413126 0.544433
Debug: the total model count for 42 decision is 0.1056 0.413126 0.518726
Debug: the total model count for 42 decision is 0.1056 0.413126 0.518726
Debug: the total model count for 7 decision is 0.790434 0.0495751 0.840009
Debug: the total model count for 7 decision is 0.790434 0.0495751 0.840009
c We have solved halfed
c We have solved halfed
d Deciding on: -51 with sign 0 184.875
d Deciding on: -11 with sign 0 121.125
d Deciding on: 7 with sign 1 121.125
d Deciding on: -43 with sign 0 76.1875
d Deciding on: -39 with sign 0 44.375
d Deciding on: -36 with sign 0 39.125
d Deciding on: -34 with sign 0 33.875
d Deciding on: -32 with sign 0 30.625
d Deciding on: -14 with sign 0 25
d Deciding on: -12 with sign 0 17.375
d Deciding on: 13 with sign 1 6.1875
d Deciding on: 16 with sign 1 4.5625
d Deciding on: 15 with sign 1 2.5625
Debug: the total model count for 15 decision is 0.457 0.543 1
Debug: the total model count for 15 decision is 0.457 0.543 1
d Deciding on: -15 with sign 0 3.5625
Debug: the total model count for 15 decision is 0.543 0.457 1
Debug: the total model count for 15 decision is 0.543 0.457 1
Debug: the total model count for 16 decision is 0.457 0.543 1
Debug: the total model count for 16 decision is 0.457 0.543 1
d Deciding on: -16 with sign 0 4.5625
d Deciding on: 15 with sign 1 3.5625
Debug: the total model count for 15 decision is 0.457 0.543 1
Debug: the total model count for 15 decision is 0.457 0.543 1
Debug: the total model count for 16 decision is 0.543 0.457 1
Debug: the total model count for 16 decision is 0.543 0.457 1
Debug: the total model count for 13 decision is 0.457 0.543 1
Debug: the total model count for 13 decision is 0.457 0.543 1
d Deciding on: -13 with sign 0 5.1875
d Deciding on: -16 with sign 0 3.5625
Debug: the total model count for 16 decision is 0.543 0.457 1
Debug: the total model count for 16 decision is 0.543 0.457 1
d Deciding on: -37 with sign 0 3.5625
Debug: the total model count for 37 decision is 1 0.294849 1.29485
Debug: the total model count for 37 decision is 1 0.294849 1.29485
Debug: the total model count for 13 decision is 0.543 0.457 1
Debug: the total model count for 13 decision is 0.543 0.457 1
Debug: the total model count for 12 decision is 0.543 0.457 1
Debug: the total model count for 12 decision is 0.543 0.457 1
d Deciding on: -13 with sign 0 5.1875
d Deciding on: -15 with sign 0 2.78125
Debug: the total model count for 15 decision is 0.543 0.457 1
Debug: the total model count for 15 decision is 0.543 0.457 1
d Deciding on: 15 with sign 1 2.78125
Debug: the total model count for 15 decision is 0.457 0.543 1
Debug: the total model count for 15 decision is 0.457 0.543 1
Debug: the total model count for 13 decision is 0.543 0.457 1
Debug: the total model count for 13 decision is 0.543 0.457 1
Debug: the total model count for 14 decision is 0.543 0.208849 0.751849
Debug: the total model count for 14 decision is 0.543 0.208849 0.751849
Debug: the total model count for 32 decision is 0.457 0.751849 1.20885
Debug: the total model count for 32 decision is 0.457 0.751849 1.20885
Debug: the total model count for 34 decision is 0.474961 1.20885 1.68381
Debug: the total model count for 34 decision is 0.474961 1.20885 1.68381
Debug: the total model count for 36 decision is 0.517643 1.20885 1.72649
Debug: the total model count for 36 decision is 0.517643 1.20885 1.72649
Debug: the total model count for 39 decision is 0.705151 1.20885 1.914
Debug: the total model count for 39 decision is 0.705151 1.20885 1.914
d Deciding on: -42 with sign 0 31.4688
Debug: the total model count for 42 decision is 1 1.20885 2.20885
Debug: the total model count for 42 decision is 1 1.20885 2.20885
Debug: the total model count for 43 decision is 1.20885 1.20885 2.4177
Debug: the total model count for 43 decision is 1.20885 1.20885 2.4177
d Deciding on: -43 with sign 0 47.875
d Deciding on: 10 with sign 1 45.875
d Deciding on: -39 with sign 0 30.6875
d Deciding on: -12 with sign 0 8.1875
Debug: the total model count for 12 decision is 0.543 0.208849 0.751849
Debug: the total model count for 12 decision is 0.543 0.208849 0.751849
d Deciding on: -36 with sign 0 26.0625
d Deciding on: -34 with sign 0 21.4375
d Deciding on: -32 with sign 0 17.8125
d Deciding on: -14 with sign 0 15
d Deciding on: 16 with sign 1 4.78125
d Deciding on: 15 with sign 1 3.78125
d Deciding on: -13 with sign 0 2.09375
Debug: the total model count for 13 decision is 0.543 0.457 1
Debug: the total model count for 13 decision is 0.543 0.457 1
Debug: the total model count for 15 decision is 0.457 0.543 1
Debug: the total model count for 15 decision is 0.457 0.543 1
d Deciding on: -15 with sign 0 4.78125
Debug: the total model count for 15 decision is 0.543 0.457 1
Debug: the total model count for 15 decision is 0.543 0.457 1
Debug: the total model count for 16 decision is 0.457 0.543 1
Debug: the total model count for 16 decision is 0.457 0.543 1
d Deciding on: -12 with sign 0 11.1875
d Deciding on: 15 with sign 1 4.78125
Debug: the total model count for 15 decision is 0.457 0.543 1
Debug: the total model count for 15 decision is 0.457 0.543 1
d Deciding on: -13 with sign 0 5.09375
d Deciding on: 15 with sign 1 3.78125
Debug: the total model count for 15 decision is 0.457 0.543 1
Debug: the total model count for 15 decision is 0.457 0.543 1
d Deciding on: 15 with sign 1 3.78125
Debug: the total model count for 15 decision is 0.457 0.543 1
Debug: the total model count for 15 decision is 0.457 0.543 1
Debug: the total model count for 13 decision is 0.543 0.457 1
Debug: the total model count for 13 decision is 0.543 0.457 1
Debug: the total model count for 12 decision is 0.543 0.457 1
Debug: the total model count for 12 decision is 0.543 0.457 1
Debug: the total model count for 14 decision is 0.294849 0.457 0.751849
Debug: the total model count for 14 decision is 0.294849 0.457 0.751849
Debug: the total model count for 32 decision is 0.457 0.751849 1.20885
Debug: the total model count for 32 decision is 0.457 0.751849 1.20885
Debug: the total model count for 34 decision is 0.474961 1.20885 1.68381
Debug: the total model count for 34 decision is 0.474961 1.20885 1.68381
Debug: the total model count for 36 decision is 0.517643 1.20885 1.72649
Debug: the total model count for 36 decision is 0.517643 1.20885 1.72649
Debug: the total model count for 39 decision is 0.751849 1.20885 1.9607
Debug: the total model count for 39 decision is 0.751849 1.20885 1.9607
d Deciding on: -39 with sign 0 30.6875
d Deciding on: -36 with sign 0 26.0625
d Deciding on: -34 with sign 0 21.4375
d Deciding on: -32 with sign 0 17.8125
d Deciding on: -14 with sign 0 15
d Deciding on: 15 with sign 1 4.78125
Debug: the total model count for 15 decision is 0.457 0.543 1
Debug: the total model count for 15 decision is 0.457 0.543 1
d Deciding on: -12 with sign 0 11.1875
d Deciding on: 13 with sign 1 5.09375
d Deciding on: 15 with sign 1 3.78125
Debug: the total model count for 15 decision is 0.457 0.543 1
Debug: the total model count for 15 decision is 0.457 0.543 1
d Deciding on: 15 with sign 1 3.78125
Debug: the total model count for 15 decision is 0.457 0.543 1
Debug: the total model count for 15 decision is 0.457 0.543 1
Debug: the total model count for 13 decision is 0.457 0.543 1
Debug: the total model count for 13 decision is 0.457 0.543 1
d Deciding on: -15 with sign 0 4.78125
Debug: the total model count for 15 decision is 0.543 0.457 1
Debug: the total model count for 15 decision is 0.543 0.457 1
Debug: the total model count for 12 decision is 0.543 0.457 1
Debug: the total model count for 12 decision is 0.543 0.457 1
Debug: the total model count for 14 decision is 0.248151 0.457 0.705151
Debug: the total model count for 14 decision is 0.248151 0.457 0.705151
Debug: the total model count for 32 decision is 0.457 0.705151 1.16215
Debug: the total model count for 32 decision is 0.457 0.705151 1.16215
Debug: the total model count for 34 decision is 0.474961 1.16215 1.63711
Debug: the total model count for 34 decision is 0.474961 1.16215 1.63711
Debug: the total model count for 36 decision is 0.517643 1.16215 1.67979
Debug: the total model count for 36 decision is 0.517643 1.16215 1.67979
Debug: the total model count for 39 decision is 0.705151 1.16215 1.8673
Debug: the total model count for 39 decision is 0.705151 1.16215 1.8673
Debug: the total model count for 10 decision is 0.936133 0.016735 0.952868
Debug: the total model count for 10 decision is 0.936133 0.016735 0.952868
d Deciding on: -10 with sign 0 47.875
d Deciding on: -42 with sign 0 32.4688
Debug: the total model count for 42 decision is 1 1.16215 2.16215
Debug: the total model count for 42 decision is 1 1.16215 2.16215
d Deciding on: -42 with sign 0 32.4688
Debug: the total model count for 42 decision is 1 1.20885 2.20885
Debug: the total model count for 42 decision is 1 1.20885 2.20885
Debug: the total model count for 10 decision is 0.016735 0.936133 0.952868
Debug: the total model count for 10 decision is 0.016735 0.936133 0.952868
Debug: the total model count for 43 decision is 0.952868 0.952868 1.90574
Debug: the total model count for 43 decision is 0.952868 0.952868 1.90574
Debug: the total model count for 7 decision is 0.112336 0.114344 0.22668
Debug: the total model count for 7 decision is 0.112336 0.114344 0.22668
d Deciding on: -43 with sign 0 42.5938
d Deciding on: -39 with sign 0 29.6875
d Deciding on: -36 with sign 0 25.0625
d Deciding on: -34 with sign 0 20.4375
d Deciding on: -32 with sign 0 17.8125
d Deciding on: -14 with sign 0 15
d Deciding on: -12 with sign 0 10.1875
d Deciding on: -16 with sign 0 4.78125
d Deciding on: -15 with sign 0 3.78125
Debug: the total model count for 15 decision is 0.543 0.457 1
Debug: the total model count for 15 decision is 0.543 0.457 1
d Deciding on: 13 with sign 1 3.09375
Debug: the total model count for 13 decision is 0.457 0.543 1
Debug: the total model count for 13 decision is 0.457 0.543 1
Debug: the total model count for 16 decision is 0.543 0.457 1
Debug: the total model count for 16 decision is 0.543 0.457 1
d Deciding on: -13 with sign 0 5.09375
Debug: the total model count for 13 decision is 0.543 0.457 1
Debug: the total model count for 13 decision is 0.543 0.457 1
Debug: the total model count for 12 decision is 0.543 0.457 1
Debug: the total model count for 12 decision is 0.543 0.457 1
d Deciding on: -13 with sign 0 4.09375
d Deciding on: 15 with sign 1 2.78125
Debug: the total model count for 15 decision is 0.457 0.543 1
Debug: the total model count for 15 decision is 0.457 0.543 1
d Deciding on: -16 with sign 0 2.78125
Debug: the total model count for 16 decision is 0.543 0.457 1
Debug: the total model count for 16 decision is 0.543 0.457 1
Debug: the total model count for 13 decision is 0.543 0.457 1
Debug: the total model count for 13 decision is 0.543 0.457 1
Debug: the total model count for 14 decision is 0.543 0.248151 0.791151
Debug: the total model count for 14 decision is 0.543 0.248151 0.791151
Debug: the total model count for 32 decision is 0.457 0.791151 1.24815
Debug: the total model count for 32 decision is 0.457 0.791151 1.24815
Debug: the total model count for 34 decision is 0.474961 1.24815 1.72311
Debug: the total model count for 34 decision is 0.474961 1.24815 1.72311
Debug: the total model count for 36 decision is 0.517643 1.24815 1.76579
Debug: the total model count for 36 decision is 0.517643 1.24815 1.76579
Debug: the total model count for 39 decision is 0.791151 1.24815 2.0393
Debug: the total model count for 39 decision is 0.791151 1.24815 2.0393
d Deciding on: -42 with sign 0 31.4688
Debug: the total model count for 42 decision is 1 1.24815 2.24815
Debug: the total model count for 42 decision is 1 1.24815 2.24815
Debug: the total model count for 43 decision is 1.24815 1.24815 2.4963
Debug: the total model count for 43 decision is 1.24815 1.24815 2.4963
Debug: the total model count for 11 decision is 0.0137213 0.10207 0.115791
Debug: the total model count for 11 decision is 0.0137213 0.10207 0.115791
d Deciding on: -50 with sign 0 101.438
d Deciding on: 7 with sign 1 74.1875
d Deciding on: -25 with sign 0 71.1875
d Deciding on: 24 with sign 1 66.1562
d Deciding on: -11 with sign 0 58.875
d Deciding on: -49 with sign 0 53.125
d Deciding on: 9 with sign 1 42.5938
d Deciding on: -39 with sign 0 29.6875
d Deciding on: -36 with sign 0 25.0625
d Deciding on: -34 with sign 0 20.4375
d Deciding on: -32 with sign 0 17.8125
d Deciding on: -14 with sign 0 15
d Deciding on: -12 with sign 0 10.1875
Debug: the total model count for 12 decision is 0.543 0.457 1
Debug: the total model count for 12 decision is 0.543 0.457 1
d Deciding on: -13 with sign 0 5.09375
Debug: the total model count for 13 decision is 0.543 0.457 1
Debug: the total model count for 13 decision is 0.543 0.457 1
Debug: the total model count for 14 decision is 0.543 0.248151 0.791151
Debug: the total model count for 14 decision is 0.543 0.248151 0.791151
Debug: the total model count for 32 decision is 0.457 0.791151 1.24815
Debug: the total model count for 32 decision is 0.457 0.791151 1.24815
Debug: the total model count for 34 decision is 0.474961 1.24815 1.72311
Debug: the total model count for 34 decision is 0.474961 1.24815 1.72311
Debug: the total model count for 36 decision is 0.517643 1.24815 1.76579
Debug: the total model count for 36 decision is 0.517643 1.24815 1.76579
Debug: the total model count for 39 decision is 0.705151 1.24815 1.9533
Debug: the total model count for 39 decision is 0.705151 1.24815 1.9533
Debug: the total model count for 9 decision is 1.06379 0.149778 1.21357
Debug: the total model count for 9 decision is 1.06379 0.149778 1.21357
d Deciding on: -43 with sign 0 73.5938
d Deciding on: 9 with sign 1 64.875
d Deciding on: -47 with sign 0 34.7188
Debug: the total model count for 47 decision is 1 1 2
Debug: the total model count for 47 decision is 1 1 2
d Deciding on: 10 with sign 1 64.875
d Deciding on: -39 with sign 0 29.6875
d Deciding on: -36 with sign 0 25.0625
d Deciding on: -34 with sign 0 20.4375
d Deciding on: -32 with sign 0 17.8125
d Deciding on: -14 with sign 0 15
d Deciding on: -12 with sign 0 10.1875
d Deciding on: 13 with sign 1 5.09375
Debug: the total model count for 13 decision is 0.457 0.543 1
Debug: the total model count for 13 decision is 0.457 0.543 1
Debug: the total model count for 12 decision is 0.543 0.457 1
Debug: the total model count for 12 decision is 0.543 0.457 1
d Deciding on: -13 with sign 0 5.09375
Debug: the total model count for 13 decision is 0.543 0.457 1
Debug: the total model count for 13 decision is 0.543 0.457 1
Debug: the total model count for 14 decision is 0.543 0.208849 0.751849
Debug: the total model count for 14 decision is 0.543 0.208849 0.751849
Debug: the total model count for 32 decision is 0.457 0.751849 1.20885
Debug: the total model count for 32 decision is 0.457 0.751849 1.20885
Debug: the total model count for 34 decision is 0.474961 1.20885 1.68381
Debug: the total model count for 34 decision is 0.474961 1.20885 1.68381
Debug: the total model count for 36 decision is 0.517643 1.20885 1.72649
Debug: the total model count for 36 decision is 0.517643 1.20885 1.72649
Debug: the total model count for 39 decision is 0.751849 1.20885 1.9607
Debug: the total model count for 39 decision is 0.751849 1.20885 1.9607
Debug: the total model count for 10 decision is 1.06379 0.145062 1.20885
Debug: the total model count for 10 decision is 1.06379 0.145062 1.20885
d Deciding on: 10 with sign 1 64.875
d Deciding on: -39 with sign 0 29.6875
d Deciding on: -36 with sign 0 25.0625
d Deciding on: -34 with sign 0 20.4375
d Deciding on: -32 with sign 0 17.8125
d Deciding on: -14 with sign 0 15
d Deciding on: -12 with sign 0 10.1875
Debug: the total model count for 12 decision is 0.543 0.457 1
Debug: the total model count for 12 decision is 0.543 0.457 1
Debug: the total model count for 14 decision is 0.543 0.248151 0.791151
Debug: the total model count for 14 decision is 0.543 0.248151 0.791151
Debug: the total model count for 32 decision is 0.457 0.791151 1.24815
Debug: the total model count for 32 decision is 0.457 0.791151 1.24815
Debug: the total model count for 34 decision is 0.474961 1.24815 1.72311
Debug: the total model count for 34 decision is 0.474961 1.24815 1.72311
Debug: the total model count for 36 decision is 0.517643 1.24815 1.76579
Debug: the total model count for 36 decision is 0.517643 1.24815 1.76579
Debug: the total model count for 39 decision is 0.751849 1.24815 2
Debug: the total model count for 39 decision is 0.751849 1.24815 2
Debug: the total model count for 10 decision is 1.09837 0.149778 1.24815
Debug: the total model count for 10 decision is 1.09837 0.149778 1.24815
Debug: the total model count for 9 decision is 1.06379 0.149778 1.21357
Debug: the total model count for 9 decision is 1.06379 0.149778 1.21357
Debug: the total model count for 43 decision is 1.21357 0.127654 1.34122
Debug: the total model count for 43 decision is 1.21357 0.127654 1.34122
Debug: the total model count for 49 decision is 0.145628 1.21357 1.35919
Debug: the total model count for 49 decision is 0.145628 1.21357 1.35919
d Deciding on: -43 with sign 0 73.5938
d Deciding on: 10 with sign 1 63.875
d Deciding on: 9 with sign 1 59.375
d Deciding on: -49 with sign 0 52.125
Debug: the total model count for 49 decision is 1 1 2
Debug: the total model count for 49 decision is 1 1 2
d Deciding on: -39 with sign 0 29.6875
d Deciding on: -36 with sign 0 25.0625
d Deciding on: -34 with sign 0 20.4375
d Deciding on: -32 with sign 0 17.8125
d Deciding on: -14 with sign 0 15
d Deciding on: -12 with sign 0 10.1875
Debug: the total model count for 12 decision is 0.543 0.457 1
Debug: the total model count for 12 decision is 0.543 0.457 1
d Deciding on: -13 with sign 0 5.09375
Debug: the total model count for 13 decision is 0.543 0.457 1
Debug: the total model count for 13 decision is 0.543 0.457 1
Debug: the total model count for 14 decision is 0.543 0.208849 0.751849
Debug: the total model count for 14 decision is 0.543 0.208849 0.751849
Debug: the total model count for 32 decision is 0.457 0.751849 1.20885
Debug: the total model count for 32 decision is 0.457 0.751849 1.20885
Debug: the total model count for 34 decision is 0.474961 1.20885 1.68381
Debug: the total model count for 34 decision is 0.474961 1.20885 1.68381
Debug: the total model count for 36 decision is 0.517643 1.20885 1.72649
Debug: the total model count for 36 decision is 0.517643 1.20885 1.72649
Debug: the total model count for 39 decision is 0.791151 1.20885 2
Debug: the total model count for 39 decision is 0.791151 1.20885 2
d Deciding on: -49 with sign 0 53.125
Debug: the total model count for 49 decision is 1 1 2
Debug: the total model count for 49 decision is 1 1 2
Debug: the total model count for 9 decision is 1.06379 0.149778 1.21357
Debug: the total model count for 9 decision is 1.06379 0.149778 1.21357
d Deciding on: 9 with sign 1 59.375
d Deciding on: -39 with sign 0 29.6875
d Deciding on: -36 with sign 0 25.0625
d Deciding on: -34 with sign 0 20.4375
d Deciding on: -32 with sign 0 17.8125
d Deciding on: -14 with sign 0 15
d Deciding on: -12 with sign 0 10.1875
d Deciding on: -13 with sign 0 5.09375
Debug: the total model count for 13 decision is 0.543 0.457 1
Debug: the total model count for 13 decision is 0.543 0.457 1
Debug: the total model count for 12 decision is 0.543 0.457 1
Debug: the total model count for 12 decision is 0.543 0.457 1
Debug: the total model count for 14 decision is 0.543 0.208849 0.751849
Debug: the total model count for 14 decision is 0.543 0.208849 0.751849
Debug: the total model count for 32 decision is 0.457 0.751849 1.20885
Debug: the total model count for 32 decision is 0.457 0.751849 1.20885
Debug: the total model count for 34 decision is 0.474961 1.20885 1.68381
Debug: the total model count for 34 decision is 0.474961 1.20885 1.68381
Debug: the total model count for 36 decision is 0.517643 1.20885 1.72649
Debug: the total model count for 36 decision is 0.517643 1.20885 1.72649
Debug: the total model count for 39 decision is 0.751849 1.20885 1.9607
Debug: the total model count for 39 decision is 0.751849 1.20885 1.9607
d Deciding on: -39 with sign 0 29.6875
d Deciding on: -36 with sign 0 25.0625
d Deciding on: -34 with sign 0 20.4375
d Deciding on: -32 with sign 0 17.8125
d Deciding on: -14 with sign 0 15
d Deciding on: -12 with sign 0 10.1875
Debug: the total model count for 12 decision is 0.543 0.457 1
Debug: the total model count for 12 decision is 0.543 0.457 1
d Deciding on: 13 with sign 1 5.09375
Debug: the total model count for 13 decision is 0.457 0.543 1
Debug: the total model count for 13 decision is 0.457 0.543 1
Debug: the total model count for 14 decision is 0.543 0.248151 0.791151
Debug: the total model count for 14 decision is 0.543 0.248151 0.791151
Debug: the total model count for 32 decision is 0.457 0.791151 1.24815
Debug: the total model count for 32 decision is 0.457 0.791151 1.24815
Debug: the total model count for 34 decision is 0.474961 1.24815 1.72311
Debug: the total model count for 34 decision is 0.474961 1.24815 1.72311
Debug: the total model count for 36 decision is 0.517643 1.24815 1.76579
Debug: the total model count for 36 decision is 0.517643 1.24815 1.76579
Debug: the total model count for 39 decision is 0.751849 1.24815 2
Debug: the total model count for 39 decision is 0.751849 1.24815 2
Debug: the total model count for 9 decision is 1.06379 0.149778 1.21357
Debug: the total model count for 9 decision is 1.06379 0.149778 1.21357
Debug: the total model count for 10 decision is 1.06794 0.145628 1.21357
Debug: the total model count for 10 decision is 1.06794 0.145628 1.21357
Debug: the total model count for 43 decision is 1.21357 0.131805 1.34537
Debug: the total model count for 43 decision is 1.21357 0.131805 1.34537
Debug: the total model count for 11 decision is 0.145628 1.06794 1.21357
Debug: the total model count for 11 decision is 0.145628 1.06794 1.21357
d Deciding on: -43 with sign 0 74.5938
d Deciding on: -10 with sign 0 66.875
d Deciding on: 9 with sign 1 59.375
d Deciding on: -49 with sign 0 114.125
d Deciding on: -11 with sign 0 54.875
Debug: the total model count for 11 decision is 0.149778 1.09837 1.24815
Debug: the total model count for 11 decision is 0.149778 1.09837 1.24815
Debug: the total model count for 49 decision is 1.09837 1.24815 2.34652
Debug: the total model count for 49 decision is 1.09837 1.24815 2.34652
Debug: the total model count for 9 decision is 0.936133 0.149778 1.08591
Debug: the total model count for 9 decision is 0.936133 0.149778 1.08591
d Deciding on: -49 with sign 0 155.125
d Deciding on: 9 with sign 1 78.375
d Deciding on: -11 with sign 0 53.875
Debug: the total model count for 11 decision is 0.145062 1.06379 1.20885
Debug: the total model count for 11 decision is 0.145062 1.06379 1.20885
d Deciding on: -11 with sign 0 53.875
Debug: the total model count for 11 decision is 0.149778 1.09837 1.24815
Debug: the total model count for 11 decision is 0.149778 1.09837 1.24815
Debug: the total model count for 9 decision is 1.06379 0.149778 1.21357
Debug: the total model count for 9 decision is 1.06379 0.149778 1.21357
Debug: the total model count for 49 decision is 1.21357 0.149778 1.36334
Debug: the total model count for 49 decision is 1.21357 0.149778 1.36334
Debug: the total model count for 10 decision is 0.130309 1.06794 1.19825
Debug: the total model count for 10 decision is 0.130309 1.06794 1.19825
d Deciding on: -49 with sign 0 174.125
Debug: the total model count for 49 decision is 1 1 2
Debug: the total model count for 49 decision is 1 1 2
Debug: the total model count for 43 decision is 1.19825 0.115988 1.31423
Debug: the total model count for 43 decision is 1.19825 0.115988 1.31423
Debug: the total model count for 24 decision is 0.554599 0.650648 1.20525
Debug: the total model count for 24 decision is 0.554599 0.650648 1.20525
d Deciding on: -49 with sign 0 173.125
d Deciding on: 24 with sign 1 144.594
d Deciding on: -43 with sign 0 144.594
d Deciding on: 10 with sign 1 106.875
d Deciding on: 9 with sign 1 98.375
Debug: the total model count for 9 decision is 1.06379 0.149778 1.21357
Debug: the total model count for 9 decision is 1.06379 0.149778 1.21357
d Deciding on: -9 with sign 0 98.375
d Deciding on: -11 with sign 0 73.875
Debug: the total model count for 11 decision is 0.149778 1.09837 1.24815
Debug: the total model count for 11 decision is 0.149778 1.09837 1.24815
d Deciding on: 11 with sign 1 73.875
Debug: the total model count for 11 decision is 1.06379 0.145062 1.20885
Debug: the total model count for 11 decision is 1.06379 0.145062 1.20885
Debug: the total model count for 9 decision is 0.149778 1.06379 1.21357
Debug: the total model count for 9 decision is 0.149778 1.06379 1.21357
Debug: the total model count for 10 decision is 0.128152 0.145628 0.27378
Debug: the total model count for 10 decision is 0.128152 0.145628 0.27378
Debug: the total model count for 43 decision is 0.27378 0.0153185 0.289099
Debug: the total model count for 43 decision is 0.27378 0.0153185 0.289099
d Deciding on: -43 with sign 0 224.594
d Deciding on: 10 with sign 1 65.9375
d Deciding on: 9 with sign 1 51.1875
Debug: the total model count for 9 decision is 1.06379 0.149778 1.21357
Debug: the total model count for 9 decision is 1.06379 0.149778 1.21357
Debug: the total model count for 10 decision is 1.06794 0.0174753 1.08541
Debug: the total model count for 10 decision is 1.06794 0.0174753 1.08541
d Deciding on: -18 with sign 0 67.9375
Debug: the total model count for 18 decision is 0.0153185 0.115988 0.131307
Debug: the total model count for 18 decision is 0.0153185 0.115988 0.131307
Debug: the total model count for 43 decision is 1.08541 0.131307 1.21672
Debug: the total model count for 43 decision is 1.08541 0.131307 1.21672
Debug: the total model count for 24 decision is 0.125118 0.589379 0.714497
Debug: the total model count for 24 decision is 0.125118 0.589379 0.714497
d Deciding on: -43 with sign 0 117.797
d Deciding on: -24 with sign 0 85.0781
d Deciding on: 10 with sign 1 65.9375
d Deciding on: -9 with sign 0 56.8594
Debug: the total model count for 9 decision is 0.149778 1.06379 1.21357
Debug: the total model count for 9 decision is 0.149778 1.06379 1.21357
d Deciding on: -47 with sign 0 56.8594
d Deciding on: -11 with sign 0 48.9375
Debug: the total model count for 11 decision is 0.149778 1.09837 1.24815
Debug: the total model count for 11 decision is 0.149778 1.09837 1.24815
d Deciding on: 11 with sign 1 52.1875
d Deciding on: -9 with sign 0 52.1875
Debug: the total model count for 9 decision is 0.149778 1.06379 1.21357
Debug: the total model count for 9 decision is 0.149778 1.06379 1.21357
d Deciding on: 9 with sign 1 52.1875
Debug: the total model count for 9 decision is 1.06379 0.149778 1.21357
Debug: the total model count for 9 decision is 1.06379 0.149778 1.21357
Debug: the total model count for 11 decision is 1.06794 0.145628 1.21357
Debug: the total model count for 11 decision is 1.06794 0.145628 1.21357
Debug: the total model count for 47 decision is 0.149778 1.21357 1.36334
Debug: the total model count for 47 decision is 0.149778 1.21357 1.36334
Debug: the total model count for 10 decision is 1.06794 0.145628 1.21357
Debug: the total model count for 10 decision is 1.06794 0.145628 1.21357
d Deciding on: 10 with sign 1 65.9375
d Deciding on: -11 with sign 0 48.9375
Debug: the total model count for 11 decision is 0.145062 1.06379 1.20885
Debug: the total model count for 11 decision is 0.145062 1.06379 1.20885
Debug: the total model count for 10 decision is 1.06379 0.145062 1.20885
Debug: the total model count for 10 decision is 1.06379 0.145062 1.20885
Debug: the total model count for 24 decision is 0.658966 0.486151 1.14512
Debug: the total model count for 24 decision is 0.658966 0.486151 1.14512
d Deciding on: -24 with sign 0 85.0781
d Deciding on: -17 with sign 0 67.9375
Debug: the total model count for 17 decision is 0.0153185 0.115988 0.131307
Debug: the total model count for 17 decision is 0.0153185 0.115988 0.131307
Debug: the total model count for 24 decision is 0.0712995 0.00700057 0.0783001
Debug: the total model count for 24 decision is 0.0712995 0.00700057 0.0783001
Debug: the total model count for 43 decision is 0.658966 0.0712995 0.730265
Debug: the total model count for 43 decision is 0.658966 0.0712995 0.730265
Debug: the total model count for 49 decision is 0.589379 0.658966 1.24835
Debug: the total model count for 49 decision is 0.589379 0.658966 1.24835
Debug: the total model count for 25 decision is 0.353302 0.301147 0.654449
Debug: the total model count for 25 decision is 0.353302 0.301147 0.654449
d Deciding on: -43 with sign 0 119.797
d Deciding on: 25 with sign 1 107.094
d Deciding on: 24 with sign 1 88.0625
d Deciding on: -49 with sign 0 87.0625
d Deciding on: 10 with sign 1 65.9375
d Deciding on: -9 with sign 0 51.1875
d Deciding on: -39 with sign 0 23.3438
d Deciding on: -36 with sign 0 19.0312
d Deciding on: -34 with sign 0 14.7188
d Deciding on: -32 with sign 0 11.4062
d Deciding on: -14 with sign 0 10
d Deciding on: 13 with sign 1 4.54688
d Deciding on: -15 with sign 0 3.39062
Debug: the total model count for 15 decision is 0.543 0.457 1
Debug: the total model count for 15 decision is 0.543 0.457 1
d Deciding on: 15 with sign 1 3.39062
Debug: the total model count for 15 decision is 0.457 0.543 1
Debug: the total model count for 15 decision is 0.457 0.543 1
Debug: the total model count for 13 decision is 0.457 0.543 1
Debug: the total model count for 13 decision is 0.457 0.543 1
d Deciding on: -12 with sign 0 7.59375
Debug: the total model count for 12 decision is 0.543 0.457 1
Debug: the total model count for 12 decision is 0.543 0.457 1
Debug: the total model count for 14 decision is 0.248151 0.457 0.705151
Debug: the total model count for 14 decision is 0.248151 0.457 0.705151
Debug: the total model count for 32 decision is 0.457 0.705151 1.16215
Debug: the total model count for 32 decision is 0.457 0.705151 1.16215
Debug: the total model count for 34 decision is 0.474961 1.16215 1.63711
Debug: the total model count for 34 decision is 0.474961 1.16215 1.63711
Debug: the total model count for 36 decision is 0.517643 1.16215 1.67979
Debug: the total model count for 36 decision is 0.517643 1.16215 1.67979
Debug: the total model count for 39 decision is 0.751849 1.16215 1.914
Debug: the total model count for 39 decision is 0.751849 1.16215 1.914
Debug: the total model count for 9 decision is 0.139458 1.06379 1.20325
Debug: the total model count for 9 decision is 0.139458 1.06379 1.20325
d Deciding on: -9 with sign 0 51.1875
d Deciding on: -11 with sign 0 47.9375
d Deciding on: -39 with sign 0 23.3438
d Deciding on: -36 with sign 0 19.0312
d Deciding on: -34 with sign 0 14.7188
d Deciding on: -32 with sign 0 11.4062
d Deciding on: -14 with sign 0 10
d Deciding on: -12 with sign 0 7.59375
d Deciding on: -13 with sign 0 4.54688
Debug: the total model count for 13 decision is 0.543 0.457 1
Debug: the total model count for 13 decision is 0.543 0.457 1
Debug: the total model count for 12 decision is 0.543 0.457 1
Debug: the total model count for 12 decision is 0.543 0.457 1
Debug: the total model count for 14 decision is 0.248151 0.457 0.705151
Debug: the total model count for 14 decision is 0.248151 0.457 0.705151
Debug: the total model count for 32 decision is 0.457 0.705151 1.16215
Debug: the total model count for 32 decision is 0.457 0.705151 1.16215
Debug: the total model count for 34 decision is 0.474961 1.16215 1.63711
Debug: the total model count for 34 decision is 0.474961 1.16215 1.63711
Debug: the total model count for 36 decision is 0.517643 1.16215 1.67979
Debug: the total model count for 36 decision is 0.517643 1.16215 1.67979
Debug: the total model count for 39 decision is 0.751849 1.16215 1.914
Debug: the total model count for 39 decision is 0.751849 1.16215 1.914
Debug: the total model count for 11 decision is 0.139458 1.02269 1.16215
Debug: the total model count for 11 decision is 0.139458 1.02269 1.16215
d Deciding on: -11 with sign 0 47.9375
d Deciding on: -39 with sign 0 23.3438
d Deciding on: -36 with sign 0 19.0312
d Deciding on: -34 with sign 0 14.7188
d Deciding on: -32 with sign 0 11.4062
d Deciding on: -14 with sign 0 10
d Deciding on: -15 with sign 0 4.54688
Debug: the total model count for 15 decision is 0.543 0.457 1
Debug: the total model count for 15 decision is 0.543 0.457 1
d Deciding on: -12 with sign 0 7.59375
Debug: the total model count for 12 decision is 0.543 0.457 1
Debug: the total model count for 12 decision is 0.543 0.457 1
Debug: the total model count for 14 decision is 0.294849 0.457 0.751849
Debug: the total model count for 14 decision is 0.294849 0.457 0.751849
Debug: the total model count for 32 decision is 0.457 0.751849 1.20885
Debug: the total model count for 32 decision is 0.457 0.751849 1.20885
Debug: the total model count for 34 decision is 0.474961 1.20885 1.68381
Debug: the total model count for 34 decision is 0.474961 1.20885 1.68381
Debug: the total model count for 36 decision is 0.517643 1.20885 1.72649
Debug: the total model count for 36 decision is 0.517643 1.20885 1.72649
Debug: the total model count for 39 decision is 0.705151 1.20885 1.914
Debug: the total model count for 39 decision is 0.705151 1.20885 1.914
d Deciding on: -39 with sign 0 23.3438
d Deciding on: -36 with sign 0 19.0312
d Deciding on: -34 with sign 0 14.7188
d Deciding on: -32 with sign 0 11.4062
d Deciding on: -14 with sign 0 10
d Deciding on: -16 with sign 0 4.54688
d Deciding on: -15 with sign 0 4.39062
d Deciding on: -13 with sign 0 2.54688
Debug: the total model count for 13 decision is 0.543 0.457 1
Debug: the total model count for 13 decision is 0.543 0.457 1
d Deciding on: -13 with sign 0 2.54688
Debug: the total model count for 13 decision is 0.543 0.457 1
Debug: the total model count for 13 decision is 0.543 0.457 1
Debug: the total model count for 15 decision is 0.543 0.457 1
Debug: the total model count for 15 decision is 0.543 0.457 1
d Deciding on: 15 with sign 1 3.54688
d Deciding on: 13 with sign 1 3.54688
Debug: the total model count for 13 decision is 0.457 0.543 1
Debug: the total model count for 13 decision is 0.457 0.543 1
d Deciding on: -13 with sign 0 2.54688
Debug: the total model count for 13 decision is 0.543 0.457 1
Debug: the total model count for 13 decision is 0.543 0.457 1
Debug: the total model count for 15 decision is 0.457 0.543 1
Debug: the total model count for 15 decision is 0.457 0.543 1
Debug: the total model count for 16 decision is 0.543 0.457 1
Debug: the total model count for 16 decision is 0.543 0.457 1
d Deciding on: -12 with sign 0 7.59375
Debug: the total model count for 12 decision is 0.543 0.457 1
Debug: the total model count for 12 decision is 0.543 0.457 1
Debug: the total model count for 14 decision is 0.294849 0.457 0.751849
Debug: the total model count for 14 decision is 0.294849 0.457 0.751849
Debug: the total model count for 32 decision is 0.457 0.751849 1.20885
Debug: the total model count for 32 decision is 0.457 0.751849 1.20885
Debug: the total model count for 34 decision is 0.474961 1.20885 1.68381
Debug: the total model count for 34 decision is 0.474961 1.20885 1.68381
Debug: the total model count for 36 decision is 0.517643 1.20885 1.72649
Debug: the total model count for 36 decision is 0.517643 1.20885 1.72649
Debug: the total model count for 39 decision is 0.751849 1.20885 1.9607
Debug: the total model count for 39 decision is 0.751849 1.20885 1.9607
Debug: the total model count for 11 decision is 0.145062 1.06379 1.20885
Debug: the total model count for 11 decision is 0.145062 1.06379 1.20885
Debug: the total model count for 9 decision is 0.139458 1.06379 1.20325
Debug: the total model count for 9 decision is 0.139458 1.06379 1.20325
Debug: the total model count for 10 decision is 0.127063 0.144389 0.271452
Debug: the total model count for 10 decision is 0.127063 0.144389 0.271452
d Deciding on: 10 with sign 1 65.9375
d Deciding on: 9 with sign 1 56.8594
d Deciding on: -11 with sign 0 48.9375
d Deciding on: -39 with sign 0 23.3438
d Deciding on: -36 with sign 0 19.0312
d Deciding on: -34 with sign 0 14.7188
d Deciding on: -32 with sign 0 11.4062
d Deciding on: -14 with sign 0 10
d Deciding on: -12 with sign 0 7.59375
d Deciding on: -13 with sign 0 4.54688
Debug: the total model count for 13 decision is 0.543 0.457 1
Debug: the total model count for 13 decision is 0.543 0.457 1
Debug: the total model count for 12 decision is 0.543 0.457 1
Debug: the total model count for 12 decision is 0.543 0.457 1
Debug: the total model count for 14 decision is 0.294849 0.457 0.751849
Debug: the total model count for 14 decision is 0.294849 0.457 0.751849
Debug: the total model count for 32 decision is 0.457 0.751849 1.20885
Debug: the total model count for 32 decision is 0.457 0.751849 1.20885
Debug: the total model count for 34 decision is 0.474961 1.20885 1.68381
Debug: the total model count for 34 decision is 0.474961 1.20885 1.68381
Debug: the total model count for 36 decision is 0.517643 1.20885 1.72649
Debug: the total model count for 36 decision is 0.517643 1.20885 1.72649
Debug: the total model count for 39 decision is 0.791151 1.20885 2
Debug: the total model count for 39 decision is 0.791151 1.20885 2
Debug: the total model count for 11 decision is 0.145062 1.06379 1.20885
Debug: the total model count for 11 decision is 0.145062 1.06379 1.20885
d Deciding on: -11 with sign 0 48.9375
d Deciding on: -39 with sign 0 23.3438
d Deciding on: -36 with sign 0 19.0312
d Deciding on: -34 with sign 0 14.7188
d Deciding on: -32 with sign 0 11.4062
d Deciding on: -14 with sign 0 10
d Deciding on: -13 with sign 0 4.54688
Debug: the total model count for 13 decision is 0.543 0.457 1
Debug: the total model count for 13 decision is 0.543 0.457 1
d Deciding on: -12 with sign 0 7.59375
Debug: the total model count for 12 decision is 0.543 0.457 1
Debug: the total model count for 12 decision is 0.543 0.457 1
Debug: the total model count for 14 decision is 0.248151 0.457 0.705151
Debug: the total model count for 14 decision is 0.248151 0.457 0.705151
Debug: the total model count for 32 decision is 0.457 0.705151 1.16215
Debug: the total model count for 32 decision is 0.457 0.705151 1.16215
Debug: the total model count for 34 decision is 0.474961 1.16215 1.63711
Debug: the total model count for 34 decision is 0.474961 1.16215 1.63711
Debug: the total model count for 36 decision is 0.517643 1.16215 1.67979
Debug: the total model count for 36 decision is 0.517643 1.16215 1.67979
Debug: the total model count for 39 decision is 0.791151 1.16215 1.9533
Debug: the total model count for 39 decision is 0.791151 1.16215 1.9533
Debug: the total model count for 11 decision is 0.139458 1.02269 1.16215
Debug: the total model count for 11 decision is 0.139458 1.02269 1.16215
Debug: the total model count for 9 decision is 1.06379 0.139458 1.20325
Debug: the total model count for 9 decision is 1.06379 0.139458 1.20325
d Deciding on: 9 with sign 1 56.8594
Debug: the total model count for 9 decision is 1.06379 0.139458 1.20325
Debug: the total model count for 9 decision is 1.06379 0.139458 1.20325
Debug: the total model count for 10 decision is 1.05886 0.144389 1.20325
Debug: the total model count for 10 decision is 1.05886 0.144389 1.20325
Debug: the total model count for 49 decision is 0.271452 1.20325 1.4747
Debug: the total model count for 49 decision is 0.271452 1.20325 1.4747
d Deciding on: -49 with sign 0 87.0625
d Deciding on: 10 with sign 1 65.9375
d Deciding on: 9 with sign 1 51.1875
d Deciding on: -11 with sign 0 47.9375
Debug: the total model count for 11 decision is 0.145062 1.06379 1.20885
Debug: the total model count for 11 decision is 0.145062 1.06379 1.20885
d Deciding on: -11 with sign 0 47.9375
Debug: the total model count for 11 decision is 0.139458 1.02269 1.16215
Debug: the total model count for 11 decision is 0.139458 1.02269 1.16215
Debug: the total model count for 9 decision is 1.06379 0.139458 1.20325
Debug: the total model count for 9 decision is 1.06379 0.139458 1.20325
d Deciding on: 9 with sign 1 51.1875
Debug: the total model count for 9 decision is 1.06379 0.139458 1.20325
Debug: the total model count for 9 decision is 1.06379 0.139458 1.20325
Debug: the total model count for 10 decision is 1.05886 0.0173267 1.07618
Debug: the total model count for 10 decision is 1.05886 0.0173267 1.07618
d Deciding on: 10 with sign 1 65.9375
d Deciding on: -47 with sign 0 56.8594
d Deciding on: -9 with sign 0 52.1875
Debug: the total model count for 9 decision is 0.139458 1.06379 1.20325
Debug: the total model count for 9 decision is 0.139458 1.06379 1.20325
Debug: the total model count for 47 decision is 1.06379 1.20325 2.26703
Debug: the total model count for 47 decision is 1.06379 1.20325 2.26703
d Deciding on: 9 with sign 1 56.8594
d Deciding on: 11 with sign 1 48.9375
Debug: the total model count for 11 decision is 1.06379 0.145062 1.20885
Debug: the total model count for 11 decision is 1.06379 0.145062 1.20885
d Deciding on: -11 with sign 0 48.9375
Debug: the total model count for 11 decision is 0.139458 1.02269 1.16215
Debug: the total model count for 11 decision is 0.139458 1.02269 1.16215
Debug: the total model count for 9 decision is 1.06379 0.139458 1.20325
Debug: the total model count for 9 decision is 1.06379 0.139458 1.20325
Debug: the total model count for 10 decision is 1.05886 0.144389 1.20325
Debug: the total model count for 10 decision is 1.05886 0.144389 1.20325
Debug: the total model count for 49 decision is 1.07618 1.20325 2.27943
Debug: the total model count for 49 decision is 1.07618 1.20325 2.27943
Debug: the total model count for 24 decision is 0.549883 0.653362 1.20325
Debug: the total model count for 24 decision is 0.549883 0.653362 1.20325
d Deciding on: -49 with sign 0 95.0625
d Deciding on: 24 with sign 1 82.0781
d Deciding on: 10 with sign 1 65.9375
d Deciding on: 9 with sign 1 51.1875
Debug: the total model count for 9 decision is 1.06379 0.139458 1.20325
Debug: the total model count for 9 decision is 1.06379 0.139458 1.20325
Debug: the total model count for 10 decision is 0.931793 0.144389 1.07618
Debug: the total model count for 10 decision is 0.931793 0.144389 1.07618
d Deciding on: 10 with sign 1 65.9375
d Deciding on: 9 with sign 1 51.1875
Debug: the total model count for 9 decision is 1.06379 0.139458 1.20325
Debug: the total model count for 9 decision is 1.06379 0.139458 1.20325
Debug: the total model count for 10 decision is 1.05886 0.127063 1.18592
Debug: the total model count for 10 decision is 1.05886 0.127063 1.18592
Debug: the total model count for 24 decision is 0.491815 0.643954 1.13577
Debug: the total model count for 24 decision is 0.491815 0.643954 1.13577
d Deciding on: -24 with sign 0 84.0781
d Deciding on: 10 with sign 1 65.9375
d Deciding on: -11 with sign 0 48.9375
Debug: the total model count for 11 decision is 0.145062 1.06379 1.20885
Debug: the total model count for 11 decision is 0.145062 1.06379 1.20885
Debug: the total model count for 10 decision is 1.06379 0.145062 1.20885
Debug: the total model count for 10 decision is 1.06379 0.145062 1.20885
d Deciding on: 10 with sign 1 65.9375
d Deciding on: -11 with sign 0 48.9375
Debug: the total model count for 11 decision is 0.139458 1.02269 1.16215
Debug: the total model count for 11 decision is 0.139458 1.02269 1.16215
Debug: the total model count for 10 decision is 1.02269 0.139458 1.16215
Debug: the total model count for 10 decision is 1.02269 0.139458 1.16215
Debug: the total model count for 24 decision is 0.577636 0.0637324 0.641369
Debug: the total model count for 24 decision is 0.577636 0.0637324 0.641369
Debug: the total model count for 49 decision is 0.643954 0.577636 1.22159
Debug: the total model count for 49 decision is 0.643954 0.577636 1.22159
Debug: the total model count for 25 decision is 0.298587 0.349667 0.648253
Debug: the total model count for 25 decision is 0.298587 0.349667 0.648253
d Deciding on: 25 with sign 1 155.094
d Deciding on: -49 with sign 0 148.062
d Deciding on: -17 with sign 0 64.9375
Debug: the total model count for 17 decision is 0.016735 0.936133 0.952868
Debug: the total model count for 17 decision is 0.016735 0.936133 0.952868
d Deciding on: -47 with sign 0 106.859
d Deciding on: 24 with sign 1 82.0781
Debug: the total model count for 24 decision is 0.00764788 0.50832 0.515968
Debug: the total model count for 24 decision is 0.00764788 0.50832 0.515968
d Deciding on: 24 with sign 1 82.0781
d Deciding on: 10 with sign 1 64.9375
Debug: the total model count for 10 decision is 0.936133 0.016735 0.952868
Debug: the total model count for 10 decision is 0.936133 0.016735 0.952868
d Deciding on: 10 with sign 1 64.9375
Debug: the total model count for 10 decision is 0.936133 0.016735 0.952868
Debug: the total model count for 10 decision is 0.936133 0.016735 0.952868
Debug: the total model count for 24 decision is 0.435461 0.517407 0.952868
Debug: the total model count for 24 decision is 0.435461 0.517407 0.952868
Debug: the total model count for 47 decision is 0.50832 0.517407 1.02573
Debug: the total model count for 47 decision is 0.50832 0.517407 1.02573
Debug: the total model count for 49 decision is 0.952868 0.517407 1.47027
Debug: the total model count for 49 decision is 0.952868 0.517407 1.47027
d Deciding on: -49 with sign 0 155.062
d Deciding on: 24 with sign 1 82.0781
Debug: the total model count for 24 decision is 0.00764788 0.50832 0.515968
Debug: the total model count for 24 decision is 0.00764788 0.50832 0.515968
d Deciding on: 24 with sign 1 84.0781
Debug: the total model count for 24 decision is 0.00764788 0.50832 0.515968
Debug: the total model count for 24 decision is 0.00764788 0.50832 0.515968
Debug: the total model count for 49 decision is 0.50832 0.50832 1.01664
Debug: the total model count for 49 decision is 0.50832 0.50832 1.01664
Debug: the total model count for 25 decision is 0.435461 0.276018 0.711478
Debug: the total model count for 25 decision is 0.435461 0.276018 0.711478
Debug: the total model count for 43 decision is 0.349667 0.0522553 0.401922
Debug: the total model count for 43 decision is 0.349667 0.0522553 0.401922
Debug: the total model count for 7 decision is 0.310906 0.04196 0.352866
Debug: the total model count for 7 decision is 0.310906 0.04196 0.352866
d Deciding on: -49 with sign 0 163.031
d Deciding on: 25 with sign 1 162.797
d Deciding on: -43 with sign 0 162.797
d Deciding on: 7 with sign 1 147.031
d Deciding on: 24 with sign 1 82.0781
d Deciding on: 10 with sign 1 67.9375
Debug: the total model count for 10 decision is 0.115988 0.0153185 0.131307
Debug: the total model count for 10 decision is 0.115988 0.0153185 0.131307
Debug: the total model count for 24 decision is 0.00700057 0.0712995 0.0783001
Debug: the total model count for 24 decision is 0.00700057 0.0712995 0.0783001
Debug: the total model count for 7 decision is 0.0627436 0.0137213 0.0764649
Debug: the total model count for 7 decision is 0.0627436 0.0137213 0.0764649
d Deciding on: 7 with sign 1 155.031
d Deciding on: -18 with sign 0 107.938
Debug: the total model count for 18 decision is 0.0153185 0.0629816 0.0783001
Debug: the total model count for 18 decision is 0.0153185 0.0629816 0.0783001
Debug: the total model count for 7 decision is 0.0689041 0.0137213 0.0826254
Debug: the total model count for 7 decision is 0.0689041 0.0137213 0.0826254
Debug: the total model count for 43 decision is 0.0627436 0.0689041 0.131648
Debug: the total model count for 43 decision is 0.0627436 0.0689041 0.131648
d Deciding on: 7 with sign 1 162.797
d Deciding on: -43 with sign 0 157.797
d Deciding on: 24 with sign 1 82.0781
d Deciding on: 10 with sign 1 67.9375
Debug: the total model count for 10 decision is 0.115988 0.0153185 0.131307
Debug: the total model count for 10 decision is 0.115988 0.0153185 0.131307
Debug: the total model count for 24 decision is 0.0600072 0.0629816 0.122989
Debug: the total model count for 24 decision is 0.0600072 0.0629816 0.122989
d Deciding on: -18 with sign 0 107.938
Debug: the total model count for 18 decision is 0.00700057 0.115988 0.122989
Debug: the total model count for 18 decision is 0.00700057 0.115988 0.122989
Debug: the total model count for 43 decision is 0.0629816 0.122989 0.18597
Debug: the total model count for 43 decision is 0.0629816 0.122989 0.18597
d Deciding on: -43 with sign 0 158.797
d Deciding on: 24 with sign 1 42.0391
Debug: the total model count for 24 decision is 0.00764788 0.50832 0.515968
Debug: the total model count for 24 decision is 0.00764788 0.50832 0.515968
d Deciding on: 10 with sign 1 42.0391
Debug: the total model count for 10 decision is 0.50832 0.00764788 0.515968
Debug: the total model count for 10 decision is 0.50832 0.00764788 0.515968
Debug: the total model count for 43 decision is 0.50832 0.515968 1.02429
Debug: the total model count for 43 decision is 0.50832 0.515968 1.02429
Debug: the total model count for 7 decision is 0.10823 0.00742994 0.11566
Debug: the total model count for 7 decision is 0.10823 0.00742994 0.11566
Debug: the total model count for 25 decision is 0.0314892 0.0587689 0.0902581
Debug: the total model count for 25 decision is 0.0314892 0.0587689 0.0902581
d Deciding on: 7 with sign 1 92.0156
d Deciding on: 25 with sign 1 84.3984
d Deciding on: -43 with sign 0 84.3984
d Deciding on: -47 with sign 0 54.9297
d Deciding on: 24 with sign 1 44.0391
Debug: the total model count for 24 decision is 0.00700057 0.0629816 0.0699821
Debug: the total model count for 24 decision is 0.00700057 0.0629816 0.0699821
d Deciding on: 10 with sign 1 37.4688
Debug: the total model count for 10 decision is 0.115988 0.0153185 0.131307
Debug: the total model count for 10 decision is 0.115988 0.0153185 0.131307
Debug: the total model count for 47 decision is 0.0629816 0.0712995 0.134281
Debug: the total model count for 47 decision is 0.0629816 0.0712995 0.134281
d Deciding on: -18 with sign 0 57.4688
d Deciding on: -47 with sign 0 54.9297
Debug: the total model count for 47 decision is 0.457 0.543 1
Debug: the total model count for 47 decision is 0.457 0.543 1
Debug: the total model count for 18 decision is 0.00831796 0.0629816 0.0712995
Debug: the total model count for 18 decision is 0.00831796 0.0629816 0.0712995
Debug: the total model count for 43 decision is 0.0712995 0.0712995 0.142599
Debug: the total model count for 43 decision is 0.0712995 0.0712995 0.142599
d Deciding on: -43 with sign 0 84.3984
d Deciding on: -47 with sign 0 77.9297
d Deciding on: 24 with sign 1 74.0391
Debug: the total model count for 24 decision is 0.00700057 0.0629816 0.0699821
Debug: the total model count for 24 decision is 0.00700057 0.0629816 0.0699821
d Deciding on: 9 with sign 1 50.5938
Debug: the total model count for 9 decision is 0.0153185 0.115988 0.131307
Debug: the total model count for 9 decision is 0.0153185 0.115988 0.131307
Debug: the total model count for 47 decision is 0.0629816 0.0600072 0.122989
Debug: the total model count for 47 decision is 0.0629816 0.0600072 0.122989
d Deciding on: -47 with sign 0 77.9297
d Deciding on: -24 with sign 0 74.0391
Debug: the total model count for 24 decision is 0.0629816 0.00700057 0.0699821
Debug: the total model count for 24 decision is 0.0629816 0.00700057 0.0699821
d Deciding on: -18 with sign 0 57.4688
Debug: the total model count for 18 decision is 0.0153185 0.115988 0.131307
Debug: the total model count for 18 decision is 0.0153185 0.115988 0.131307
Debug: the total model count for 47 decision is 0.0629816 0.0600072 0.122989
Debug: the total model count for 47 decision is 0.0629816 0.0600072 0.122989
Debug: the total model count for 43 decision is 0.0629816 0.0629816 0.125963
Debug: the total model count for 43 decision is 0.0629816 0.0629816 0.125963
Debug: the total model count for 25 decision is 0.0325839 0.034199 0.0667829
Debug: the total model count for 25 decision is 0.0325839 0.034199 0.0667829
d Deciding on: 25 with sign 1 102.047
d Deciding on: -43 with sign 0 85.3984
d Deciding on: -47 with sign 0 73.9297
d Deciding on: 24 with sign 1 72.0391
Debug: the total model count for 24 decision is 0.00764788 0.50832 0.515968
Debug: the total model count for 24 decision is 0.00764788 0.50832 0.515968
d Deciding on: 24 with sign 1 72.0391
d Deciding on: 9 with sign 1 50.5938
Debug: the total model count for 9 decision is 0.936133 0.016735 0.952868
Debug: the total model count for 9 decision is 0.936133 0.016735 0.952868
d Deciding on: 9 with sign 1 50.5938
Debug: the total model count for 9 decision is 0.936133 0.016735 0.952868
Debug: the total model count for 9 decision is 0.936133 0.016735 0.952868
Debug: the total model count for 24 decision is 0.435461 0.517407 0.952868
Debug: the total model count for 24 decision is 0.435461 0.517407 0.952868
Debug: the total model count for 47 decision is 0.50832 0.517407 1.02573
Debug: the total model count for 47 decision is 0.50832 0.517407 1.02573
d Deciding on: -47 with sign 0 73.9297
d Deciding on: -24 with sign 0 72.0391
Debug: the total model count for 24 decision is 0.50832 0.00764788 0.515968
Debug: the total model count for 24 decision is 0.50832 0.00764788 0.515968
d Deciding on: -24 with sign 0 72.0391
d Deciding on: 9 with sign 1 52.5938
Debug: the total model count for 9 decision is 0.936133 0.016735 0.952868
Debug: the total model count for 9 decision is 0.936133 0.016735 0.952868
d Deciding on: 9 with sign 1 52.5938
Debug: the total model count for 9 decision is 0.936133 0.016735 0.952868
Debug: the total model count for 9 decision is 0.936133 0.016735 0.952868
Debug: the total model count for 24 decision is 0.517407 0.435461 0.952868
Debug: the total model count for 24 decision is 0.517407 0.435461 0.952868
Debug: the total model count for 47 decision is 0.50832 0.517407 1.02573
Debug: the total model count for 47 decision is 0.50832 0.517407 1.02573
Debug: the total model count for 43 decision is 0.517407 0.517407 1.03481
Debug: the total model count for 43 decision is 0.517407 0.517407 1.03481
d Deciding on: -43 with sign 0 85.3984
d Deciding on: -24 with sign 0 74.0391
Debug: the total model count for 24 decision is 0.50832 0.00764788 0.515968
Debug: the total model count for 24 decision is 0.50832 0.00764788 0.515968
d Deciding on: 24 with sign 1 74.0391
Debug: the total model count for 24 decision is 0.00764788 0.50832 0.515968
Debug: the total model count for 24 decision is 0.00764788 0.50832 0.515968
Debug: the total model count for 43 decision is 0.50832 0.50832 1.01664
Debug: the total model count for 43 decision is 0.50832 0.50832 1.01664
Debug: the total model count for 25 decision is 0.236455 0.276018 0.512473
Debug: the total model count for 25 decision is 0.236455 0.276018 0.512473
Debug: the total model count for 7 decision is 0.0300951 0.00397466 0.0340698
Debug: the total model count for 7 decision is 0.0300951 0.00397466 0.0340698
Debug: the total model count for 49 decision is 0.0587689 0.0300951 0.0888641
Debug: the total model count for 49 decision is 0.0587689 0.0300951 0.0888641
Debug: the total model count for 50 decision is 0.310906 0.0587689 0.369675
Debug: the total model count for 50 decision is 0.310906 0.0587689 0.369675
Debug: the total model count for 51 decision is 0.115791 0.310906 0.426697
Debug: the total model count for 51 decision is 0.115791 0.310906 0.426697
Debug: the total model count for 8 decision is 0.695581 0.0373087 0.73289
Debug: the total model count for 8 decision is 0.695581 0.0373087 0.73289
Debug: the total model count for 0 decision is 0 0.73289 0.73289
Debug: set_final_solution_count: 0/1/7
c 
c 
c variables (total / active / free)	58/51/7
c clauses (removed) 			109 (0)
c decisions 				1056
c Max. decision level 			19
c conflicts 				3
c conflict clauses (all/bin/unit) 	23/0/0
c 
c failed literals found by implicit BCP 	 22
c implicit BCP miss rate 	 99.7894%
c bytes cache size     	20356608	
c bytes cache (overall) 	20356608
c bytes cache components (overall) 	122200
c bytes cache (infra / comps) 20234408/122200	
c bytes pure comp data (curr)    19504
c bytes pure comp data (overall) 19504
c bytes cache with sysoverh (curr)    185608
c bytes cache with sysoverh (overall) 185608
c cache (lookup / stores / hits) 			2057/1057/1001
c cache miss rate 51.3369%
c avg. variable count (stores / hits) 	12.0227/6.59341
c 
c 
c time: 0.094199s
s SATISFIABLE 
s wmc 128
